d,net_gex,spot
2020-01-02,6844504857,324.1
2020-01-03,2284856176,322.77
2020-01-06,2744642892,323.17
2020-01-07,2463459535,323.05
2020-01-08,6006769648,325.38
2020-01-09,7356883340,326.35
2020-01-10,4615459513,325.62
2020-01-13,7398295014,327.49
2020-01-14,6414002728,327.52
2020-01-15,5243214546,327.67
2020-01-16,11747340083,330.49
2020-01-17,5053534779,331.71
2020-01-21,3783640604,331.39
2020-01-22,3240391477,331.49
2020-01-23,3832565425,331.82
2020-01-24,-929073206,328.44
2020-01-27,-4906011359,323.98
2020-01-28,-1400472385,327.26
2020-01-29,-2103686891,327.07
2020-01-30,-2738695905,327.08
2020-01-31,-4039168575,321.49
2020-02-03,-2559387476,324.33
2020-02-04,1903007089,329.27
2020-02-05,3961045765,332.65
2020-02-06,4980230828,333.93
2020-02-07,1884465631,332.54
2020-02-10,3013375636,333.99
2020-02-11,5082732498,335.43
2020-02-12,6640302452,337.39
2020-02-13,3985730412,336.8
2020-02-14,5273149724,337.21
2020-02-18,4608396161,336.73
2020-02-19,7526542282,338.45
2020-02-20,3887820319,336.82
2020-02-21,-148835804,333.15
2020-02-24,-3852967918,323.67
2020-02-25,-5570022880,313.74
2020-02-26,-4777222570,312.29
2020-02-27,-5559258041,300.96
2020-02-28,-3823552263,289.48
2020-03-02,-2948868270,305.36
2020-03-03,-3048229870,302.77
2020-03-04,-1670531845,311.29
2020-03-05,-3484475405,301.35
2020-03-06,-3410579554,295.6
2020-03-09,-3556089759,278.2
2020-03-10,-3211983844,286.12
2020-03-11,-3355501215,274.71
2020-03-12,-2956786651,251.77
2020-03-13,-2608481659,262.41
2020-03-16,-2236903868,245.01
2020-03-17,-2154243564,251.54
2020-03-18,-2120449392,233.34
2020-03-19,-2255038816,244.11
2020-03-20,-1972216835,231.42
2020-03-23,-2152188046,221.72
2020-03-24,-1502277734,241.4
2020-03-25,-1263086835,251.79
2020-03-26,-1121125208,256.95
2020-03-27,-1532121736,255.85
2020-03-30,-1104304710,261.3
2020-03-31,-1346566163,258.05
2020-04-01,-2170597372,245.0
2020-04-02,-1867940664,250.47
2020-04-03,-2246310060,246.33
2020-04-06,-740663380,263.7
2020-04-07,-522707912,268.18
2020-04-08,-336975203,273.02
2020-04-09,-394118348,278.61
2020-04-13,-715978339,275.58
2020-04-14,176726757,283.96
2020-04-15,-760169844,278.23
2020-04-16,-532349954,278.8
2020-04-17,7024623,285.71
2020-04-20,-798053877,282.22
2020-04-21,-1999434568,273.96
2020-04-22,-950085949,280.21
2020-04-23,-1104092469,280.18
2020-04-24,-535593048,283.57
2020-04-27,199473266,288.08
2020-04-28,-304084579,286.8
2020-04-29,466755603,294.49
2020-04-30,-981592511,289.98
2020-05-01,-2021671844,282.54
2020-05-04,-1567798069,283.76
2020-05-05,-910784279,286.01
2020-05-06,-1514460766,284.85
2020-05-07,-493413621,287.67
2020-05-08,684943166,292.35
2020-05-11,160294783,293.21
2020-05-12,-1626003564,287.92
2020-05-13,-3184591490,280.18
2020-05-14,-2190057687,284.1
2020-05-15,-1302858009,285.07
2020-05-18,779255751,296.49
2020-05-19,-217038201,293.74
2020-05-20,955833554,297.07
2020-05-21,-337038269,295.05
2020-05-22,-605953598,295.1
2020-05-26,690756383,299.43
2020-05-27,840805301,302.83
2020-05-28,431069678,303.53
2020-05-29,-642309115,303.96
2020-06-01,-30602058,305.65
2020-06-02,341138343,306.6
2020-06-03,1418654202,312.74
2020-06-04,166720373,310.15
2020-06-05,1937195384,318.64
2020-06-08,1405935428,322.35
2020-06-09,1072148698,321.43
2020-06-10,727086199,319.89
2020-06-11,-3397832846,302.1
2020-06-12,-2209240833,303.33
2020-06-15,-1887556426,305.51
2020-06-16,-595142763,311.6
2020-06-17,-971041725,311.54
2020-06-18,-1687802003,311.06
2020-06-19,-1113951645,309.55
2020-06-22,-1207819140,310.35
2020-06-23,-370759407,312.82
2020-06-24,-2464742976,305.31
2020-06-25,-2021649788,306.51
2020-06-26,-3085324387,301.04
2020-06-29,-2079129579,303.07
2020-06-30,-402542522,308.6
2020-07-01,130387522,311.71
2020-07-02,391882321,312.74
2020-07-06,955095856,316.56
2020-07-07,-548477704,314.4
2020-07-08,153058049,315.67
2020-07-09,-794347927,314.17
2020-07-10,948514923,317.35
2020-07-13,416197604,316.04
2020-07-14,784925442,318.05
2020-07-15,2341624300,322.06
2020-07-16,1767173333,320.8
2020-07-17,1280614806,322.09
2020-07-20,2136799218,324.88
2020-07-21,1671099328,325.12
2020-07-22,2163099633,326.74
2020-07-23,420407319,322.68
2020-07-24,-429416330,320.41
2020-07-27,567985073,323.1
2020-07-28,-52048861,321.74
2020-07-29,1131028968,325.18
2020-07-30,366263907,323.68
2020-07-31,1129825115,325.31
2020-08-03,1890096751,329.25
2020-08-04,1439340696,329.32
2020-08-05,2037636147,331.71
2020-08-06,2529466857,334.07
2020-08-07,2409691384,334.44
2020-08-10,2456302307,335.07
2020-08-11,1486885755,333.35
2020-08-12,3006616145,337.79
2020-08-13,2346110798,336.82
2020-08-14,1678215224,336.07
2020-08-17,2643275108,338.01
2020-08-18,2802892906,338.71
2020-08-19,1855076143,337.52
2020-08-20,1958568206,338.64
2020-08-21,1915335713,339.23
2020-08-24,2499413084,342.38
2020-08-25,3746416362,344.01
2020-08-26,3110336929,347.47
2020-08-27,3535569271,349.07
2020-08-28,3237997247,350.64
2020-08-31,2567887291,350.92
2020-09-01,3012467321,351.92
2020-09-02,3286985262,358.4
2020-09-03,-963555125,344.45
2020-09-04,-45377758,343.68
2020-09-08,-1433070482,334.54
2020-09-09,137467697,340.86
2020-09-10,-1683326464,334.89
2020-09-11,-1358764148,333.93
2020-09-14,38314570,339.26
2020-09-15,300065201,339.71
2020-09-16,703639487,340.1
2020-09-17,-821387784,334.83
2020-09-18,-1306418456,331.42
2020-09-21,-2413721202,325.58
2020-09-22,-358051216,330.76
2020-09-23,-2689023621,323.39
2020-09-24,-1866657701,323.69
2020-09-25,-696048717,328.26
2020-09-28,773771441,334.18
2020-09-29,140815352,332.92
2020-09-30,706786676,334.71
2020-10-01,724383825,335.88
2020-10-02,419813729,334.77
2020-10-05,2068006665,339.54
2020-10-06,157181830,335.25
2020-10-07,2433861706,341.05
2020-10-08,4057263230,343.57
2020-10-09,3605733171,346.51
2020-10-12,4355637995,352.73
2020-10-13,2830900612,351.1
2020-10-14,2029813396,348.74
2020-10-15,1650846083,347.65
2020-10-16,1955200034,348.46
2020-10-19,-435283958,342.11
2020-10-20,536377684,344.54
2020-10-21,-13757612,343.11
2020-10-22,609835251,344.71
2020-10-23,967241332,345.48
2020-10-26,-1421307557,337.89
2020-10-27,-1108149238,338.93
2020-10-28,-3057300240,328.28
2020-10-29,-1616845466,331.79
2020-10-30,-2168243677,324.62
2020-11-02,-1017621112,328.99
2020-11-03,730686489,337.29
2020-11-04,2836818612,344.0
2020-11-05,4720119686,349.7
2020-11-06,3725987512,351.15
2020-11-09,5306312593,357.92
2020-11-10,3503954939,354.26
2020-11-11,4562655355,356.2
2020-11-12,2054398730,351.96
2020-11-13,4589665233,358.52
2020-11-16,5456618502,361.29
2020-11-17,4820396183,360.35
2020-11-18,4108368866,357.85
2020-11-19,3543214921,357.9
2020-11-20,2691711780,356.51
2020-11-23,3391047395,357.71
2020-11-24,6212248985,363.2
2020-11-25,5267755120,362.9
2020-11-27,4659359097,363.12
2020-11-30,3833688271,361.55
2020-12-01,6128533024,365.74
2020-12-02,6271710017,366.62
2020-12-03,5676695097,366.32
2020-12-04,5628302679,369.3
2020-12-07,4104121521,368.15
2020-12-08,5284531373,370.22
2020-12-09,2847521220,367.02
2020-12-10,3058845319,367.34
2020-12-11,2045290135,365.86
2020-12-14,1254442965,365.12
2020-12-15,3579605312,369.02
2020-12-16,4199746118,370.73
2020-12-17,6527182417,371.96
2020-12-18,425883177,368.29
2020-12-21,-246930846,367.15
2020-12-22,-215951283,367.08
2020-12-23,1180069759,369.01
2020-12-24,960609444,368.45
2020-12-28,4238482483,372.23
2020-12-29,2780375122,371.7
2020-12-30,1080258122,371.96
2020-12-31,1249198001,373.32
2021-01-04,-324224239,368.85
2021-01-05,657888851,371.46
2021-01-06,1166329513,373.61
2021-01-07,4824156239,379.7
2021-01-08,4092178442,381.02
2021-01-11,2549544631,378.71
2021-01-12,3199793586,379.12
2021-01-13,4084000629,380.3
2021-01-14,3195688714,379.4
2021-01-15,-790896738,375.74
2021-01-19,866191076,379.05
2021-01-20,3357948432,384.76
2021-01-21,4925111261,384.9
2021-01-22,2322200686,383.92
2021-01-25,1906605477,383.64
2021-01-26,2055532387,384.46
2021-01-27,-2771419661,373.14
2021-01-28,-694670032,378.6
2021-01-29,-2413874088,370.9
2021-02-01,-273977325,376.78
2021-02-02,2390259422,382.35
2021-02-03,1806086653,382.76
2021-02-04,3742483741,385.21
2021-02-05,3805291804,387.53
2021-02-08,4554270000,389.65
2021-02-09,5242752722,390.74
2021-02-10,3336469925,389.6
2021-02-11,3795912495,390.26
2021-02-12,4084526129,391.88
2021-02-16,4191975574,392.66
2021-02-17,3241266357,392.29
2021-02-18,2344210880,391.32
2021-02-19,1431532753,390.43
2021-02-22,-513137335,387.77
2021-02-23,-132779479,388.48
2021-02-24,3143624376,391.77
2021-02-25,-2659154566,382.86
2021-02-26,-530211580,384.1
2021-03-01,2584013437,389.71
2021-03-02,275313909,388.04
2021-03-03,-1033075958,383.35
2021-03-04,-3981639820,376.1
2021-03-05,634309447,384.31
2021-03-08,554575959,383.71
2021-03-09,2568919676,387.86
2021-03-10,3261469735,390.01
2021-03-11,5410144682,393.8
2021-03-12,3409072116,393.96
2021-03-15,5155765021,395.39
2021-03-16,5769315789,396.35
2021-03-17,5820375351,396.76
2021-03-18,56337188,391.24
2021-03-19,819162928,391.15
2021-03-22,1803676668,392.67
2021-03-23,-1574597046,389.18
2021-03-24,-1276972819,388.92
2021-03-25,-1545586900,389.98
2021-03-26,1971768681,393.54
2021-03-29,2324170331,395.83
2021-03-30,2030553008,394.64
2021-03-31,2518670898,396.71
2021-04-01,2882733061,399.82
2021-04-05,5442986417,406.38
2021-04-06,3472837332,405.88
2021-04-07,4179320086,406.65
2021-04-08,5307122488,408.24
2021-04-09,4907077294,410.82
2021-04-12,4906189749,411.71
2021-04-13,4771629663,412.95
2021-04-14,3423298390,411.1
2021-04-15,6423355786,416.04
2021-04-16,2614669486,417.46
2021-04-19,-55604327,414.71
2021-04-20,-2822614402,412.45
2021-04-21,1366653208,416.01
2021-04-22,-2676469173,412.96
2021-04-23,2039352734,417.27
2021-04-26,1687228450,417.73
2021-04-27,1672876487,417.92
2021-04-28,1349111483,417.88
2021-04-29,3910095994,420.18
2021-04-30,-2485465889,416.52
2021-05-03,-389886003,418.27
2021-05-04,-5177880676,413.9
2021-05-05,-1525739744,416.02
2021-05-06,213216451,417.71
2021-05-07,2573140667,422.36
2021-05-10,-435563372,419.58
2021-05-11,-5111999634,413.92
2021-05-12,-6631984469,406.46
2021-05-13,-3084709933,412.21
2021-05-14,-126658226,416.74
2021-05-17,-1802452409,415.45
2021-05-18,-2952687930,414.02
2021-05-19,-5832034253,409.21
2021-05-20,252094215,415.77
2021-05-21,-965130820,415.01
2021-05-24,1951801746,419.74
2021-05-25,-318774340,418.33
2021-05-26,425730925,418.85
2021-05-27,1270228646,419.46
2021-05-28,787659276,420.61
2021-06-01,-754705817,419.71
2021-06-02,-125032677,419.85
2021-06-03,-2307338439,418.83
2021-06-04,3285534145,422.67
2021-06-07,1127073713,421.89
2021-06-08,1961150777,422.54
2021-06-09,375817266,421.77
2021-06-10,3162413379,423.26
2021-06-11,2813903098,423.68
2021-06-14,3083581243,424.15
2021-06-15,3231989358,424.68
2021-06-16,412230554,422.67
2021-06-17,1593357525,422.68
2021-06-18,-3633095778,416.67
2021-06-21,141298097,420.43
2021-06-22,4571648638,423.45
2021-06-23,2610775802,423.25
2021-06-24,7328558706,425.2
2021-06-25,3383789097,426.46
2021-06-28,4112705774,427.24
2021-06-29,4582721446,427.59
2021-06-30,2551923901,428.42
2021-07-01,5408809949,430.18
2021-07-02,5142853804,433.71
2021-07-06,2287360235,432.98
2021-07-07,3985361265,434.57
2021-07-08,-2275983757,429.86
2021-07-09,4848825640,435.42
2021-07-12,4793074276,436.95
2021-07-13,2915377522,435.93
2021-07-14,4098910429,436.43
2021-07-15,1024717517,434.43
2021-07-16,-1458427576,431.26
2021-07-19,-5208099459,422.8
2021-07-20,1476232493,431.82
2021-07-21,935576728,433.96
2021-07-22,1966392874,435.35
2021-07-23,4119600935,440.04
2021-07-26,3729839168,440.51
2021-07-27,777533393,438.1
2021-07-28,2199075037,439.64
2021-07-29,4273722460,440.9
2021-07-30,101966822,438.15
2021-08-02,-147628790,437.64
2021-08-03,2721982190,440.7
2021-08-04,1237683449,439.65
2021-08-05,3125559508,441.17
2021-08-06,3050578637,442.15
2021-08-09,2974799539,442.18
2021-08-10,2584551080,442.43
2021-08-11,4381203761,443.49
2021-08-12,7081014033,444.96
2021-08-13,6792473910,445.68
2021-08-16,2605452691,446.46
2021-08-17,-938474605,442.89
2021-08-18,-3139290942,440.6
2021-08-19,-2645044786,439.82
2021-08-20,1001404890,443.6
2021-08-23,5042816751,447.6
2021-08-24,6920070796,448.02
2021-08-25,6223116213,449.35
2021-08-26,2820814362,446.49
2021-08-27,3739385034,450.54
2021-08-30,5264047231,452.49
2021-08-31,5535762183,451.7
2021-09-01,4561135790,451.96
2021-09-02,5043206991,452.35
2021-09-03,4851734659,453.23
2021-09-07,3162481283,451.74
2021-09-08,1793119227,450.7
2021-09-09,672212069,449.9
2021-09-10,-2340158130,445.96
2021-09-13,-2331764815,445.79
2021-09-14,-4648087768,443.79
2021-09-15,819591457,448.32
2021-09-16,-275385225,447.55
2021-09-17,-4721133925,441.54
2021-09-20,-7316931364,432.26
2021-09-21,-8217456138,434.92
2021-09-22,-4289657451,438.4
2021-09-23,550667839,443.55
2021-09-24,950158538,444.57
2021-09-27,-1020784145,443.07
2021-09-28,-7768894141,434.35
2021-09-29,-7885348799,435.02
2021-09-30,-7892281007,430.81
2021-10-01,-5306858380,434.42
2021-10-04,-7008606000,428.95
2021-10-05,-4821843698,434.29
2021-10-06,-4252869388,433.99
2021-10-07,279692938,438.65
2021-10-08,-1704659238,438.12
2021-10-11,-4693176937,435.54
2021-10-12,-7114199332,433.09
2021-10-13,-6341244313,434.8
2021-10-14,2383002420,441.99
2021-10-15,3336666560,445.64
2021-10-18,3933673909,447.27
2021-10-19,5066144375,450.04
2021-10-20,4409441719,452.07
2021-10-21,4896698358,453.05
2021-10-22,3007848331,453.15
2021-10-25,3495548904,455.3
2021-10-26,4380258147,457.22
2021-10-27,107439130,455.12
2021-10-28,3021947855,457.21
2021-10-29,1651892824,458.73
2021-11-01,1244172472,459.7
2021-11-02,2288337153,461.91
2021-11-03,3829358304,464.81
2021-11-04,5328426270,465.89
2021-11-05,5639918586,468.69
2021-11-08,4604360614,468.7
2021-11-09,2334587712,467.22
2021-11-10,-1085539676,463.05
2021-11-11,-240635442,464.15
2021-11-12,3639732141,467.18
2021-11-15,2991268902,466.79
2021-11-16,7896754489,469.75
2021-11-17,3822793411,468.67
2021-11-18,6053866854,469.75
2021-11-19,2592602977,468.91
2021-11-22,2819628082,470.13
2021-11-23,-1907139476,467.85
2021-11-24,953210913,469.0
2021-11-26,-4260779267,460.45
2021-11-29,316095961,465.32
2021-11-30,-4719477446,457.32
2021-12-01,-4222303590,454.53
2021-12-02,-3167231273,458.22
2021-12-03,-4763036307,450.55
2021-12-06,-1354726364,458.61
2021-12-07,3510594863,467.01
2021-12-08,3303147903,469.41
2021-12-09,1436196621,467.4
2021-12-10,3515979414,470.15
2021-12-13,1862288862,468.23
2021-12-14,-2570062435,463.0
2021-12-15,3002655323,468.74
2021-12-16,708209992,466.88
2021-12-17,-2357099642,461.07
2021-12-20,-4366902231,454.05
2021-12-21,285400840,461.48
2021-12-22,4150779716,466.89
2021-12-23,5148404009,471.94
2021-12-27,7389389598,476.6
2021-12-28,7447931038,477.55
2021-12-29,7507582002,478.11
2021-12-30,5120731425,476.75
2021-12-31,1604733124,476.48
2022-01-03,2181030434,477.25
2022-01-04,2684473259,478.48
2022-01-05,-3716541249,470.25
2022-01-06,-3773148417,468.19
2022-01-07,-4692112494,466.84
2022-01-10,-5925142056,463.74
2022-01-11,-1339585659,469.09
2022-01-12,483306458,471.3
2022-01-13,-4165673685,465.22
2022-01-14,-4428177709,464.76
2022-01-18,-7103188059,455.96
2022-01-19,-8015476281,453.97
2022-01-20,-6302532660,448.89
2022-01-21,-7163215579,439.71
2022-01-24,-6218753457,436.26
2022-01-25,-5089748984,436.22
2022-01-26,-5795543133,432.6
2022-01-27,-6495077181,433.32
2022-01-28,-4555370088,438.7
2022-01-31,-2315055652,448.27
2022-02-01,-1533433967,453.02
2022-02-02,516000268,457.6
2022-02-03,-6215218420,446.85
2022-02-04,-3083912086,450.54
2022-02-07,-4732855516,447.26
2022-02-08,-3488034852,450.24
2022-02-09,164884456,456.81
2022-02-10,-5362373962,448.03
2022-02-11,-8256428977,440.61
2022-02-14,-8321312542,438.68
2022-02-15,-6774679148,444.51
2022-02-16,-6212521565,447.25
2022-02-17,-6132141712,438.49
2022-02-18,-7123975393,435.32
2022-02-22,-7612019885,430.26
2022-02-23,-9022144037,422.26
2022-02-24,-6850624166,426.77
2022-02-25,-3583611835,437.04
2022-02-28,-4930220646,434.49
2022-03-01,-6904655388,428.62
2022-03-02,-3281322370,438.95
2022-03-03,-5609862991,434.24
2022-03-04,-6150702642,430.8
2022-03-07,-7750070206,420.76
2022-03-08,-8813143752,417.67
2022-03-09,-5113227604,428.71
2022-03-10,-6594395418,424.89
2022-03-11,-7616970454,420.95
2022-03-14,-8072192794,416.8
2022-03-15,-6419696535,425.59
2022-03-16,-4529743882,432.99
2022-03-17,-1364108017,440.31
2022-03-18,-155577132,444.4
2022-03-21,-1641928168,442.7
2022-03-22,64031324,449.8
2022-03-23,-2191823932,445.54
2022-03-24,-914010189,449.4
2022-03-25,-478611052,451.09
2022-03-28,285628896,454.82
2022-03-29,3777838362,461.62
2022-03-30,-1226542925,457.67
2022-03-31,-2903087334,454.47
2022-04-01,-5688130055,450.54
2022-04-04,-2245812298,455.94
2022-04-05,-5380147881,450.73
2022-04-06,-7648024675,446.82
2022-04-07,-4452496034,450.2
2022-04-08,-5356427671,448.66
2022-04-11,-8928854786,440.13
2022-04-12,-9129405803,437.76
2022-04-13,-4145941271,443.93
2022-04-14,-5779432723,438.92
2022-04-18,-6863138560,436.19
2022-04-19,-3523387587,444.63
2022-04-20,-3218614682,445.69
2022-04-21,-5695697686,438.05
2022-04-22,-8182058746,428.6
2022-04-25,-7604939752,427.92
2022-04-26,-8321297604,417.98
2022-04-27,-7712196027,418.04
2022-04-28,-4993341242,428.08
2022-04-29,-7396966320,413.83
2022-05-02,-6974308749,412.5
2022-05-03,-6579625166,415.17
2022-05-04,-3748025590,428.43
2022-05-05,-5994438486,412.09
2022-05-06,-6420947564,410.96
2022-05-09,-7595055715,398.54
2022-05-10,-6869292711,398.53
2022-05-11,-7665689856,392.9
2022-05-12,-6655728943,389.74
2022-05-13,-5566344176,401.8
2022-05-16,-6537380974,399.91
2022-05-17,-5348317210,407.22
2022-05-18,-8166486126,391.37
2022-05-19,-8265065140,391.0
2022-05-20,-5587769679,387.72
2022-05-23,-4008694973,395.44
2022-05-24,-4540105512,394.84
2022-05-25,-3716483821,397.58
2022-05-26,-2053381884,406.19
2022-05-27,-989096833,414.21
2022-05-31,-1806708618,414.08
2022-06-01,-2518717831,411.62
2022-06-02,-2105789545,416.19
2022-06-03,-3981702067,410.04
2022-06-06,-3389984333,411.69
2022-06-07,-2655933168,415.67
2022-06-08,-4308600599,411.58
2022-06-09,-5864661336,403.29
2022-06-10,-8371795208,391.6
2022-06-13,-8424437170,374.46
2022-06-14,-8346510968,373.88
2022-06-15,-7488478164,379.93
2022-06-16,-5436235385,366.02
2022-06-17,-5281948847,366.41
2022-06-21,-4349668462,375.6
2022-06-22,-4776015450,374.91
2022-06-23,-4039045363,378.05
2022-06-24,-2088943953,388.58
2022-06-27,-2447337542,388.97
2022-06-28,-5271269305,381.1
2022-06-29,-5324920885,380.31
2022-06-30,-5303016798,377.13
2022-07-01,-3920189091,381.29
2022-07-05,-4094204566,381.18
2022-07-06,-3134037149,384.43
2022-07-07,-2596727587,388.84
2022-07-08,-2766290121,389.28
2022-07-11,-4644646951,383.87
2022-07-12,-6348644832,379.85
2022-07-13,-5939652515,379.42
2022-07-14,-7131378385,377.83
2022-07-15,-2398438204,384.35
2022-07-18,-3863680884,381.14
2022-07-19,-924169537,392.51
2022-07-20,-473785714,395.27
2022-07-21,192206648,397.73
2022-07-22,-1796031564,394.21
2022-07-25,-2277918349,394.31
2022-07-26,-4385982511,390.71
2022-07-27,119907153,402.14
2022-07-28,1307019111,405.68
2022-07-29,1266259981,412.73
2022-08-01,-557759747,410.93
2022-08-02,-2048202112,409.37
2022-08-03,702838912,415.42
2022-08-04,-880755549,413.8
2022-08-05,-1232708769,413.07
2022-08-08,-1592912954,413.28
2022-08-09,-2929399516,411.01
2022-08-10,1091818996,419.88
2022-08-11,-36626203,419.32
2022-08-12,1636361785,426.46
2022-08-15,1601700465,429.02
2022-08-16,2002898123,430.26
2022-08-17,-507857037,427.02
2022-08-18,344796279,428.15
2022-08-19,-3332406629,422.08
2022-08-22,-5496080314,412.74
2022-08-23,-5536002735,412.57
2022-08-24,-4416838805,414.27
2022-08-25,-2686521664,418.58
2022-08-26,-6994858715,405.84
2022-08-29,-7321985652,403.82
2022-08-30,-9594126612,398.18
2022-08-31,-7919339470,397.35
2022-09-01,-8776652923,394.29
2022-09-02,-8204989718,391.07
2022-09-06,-8178040250,391.05
2022-09-07,-6106070647,398.0
2022-09-08,-6210021574,398.81
2022-09-09,-3956116676,407.17
2022-09-12,-3477567980,410.5
2022-09-13,-9502665879,392.45
2022-09-14,-9021151232,394.78
2022-09-15,-7331357889,390.94
2022-09-16,-8422300620,385.24
2022-09-19,-7026169819,387.88
2022-09-20,-7299558648,385.26
2022-09-21,-8368887909,378.51
2022-09-22,-9842978008,377.35
2022-09-23,-9343164037,367.6
2022-09-26,-8462168021,365.57
2022-09-27,-9124846243,363.0
2022-09-28,-7012114896,371.81
2022-09-29,-9606148121,362.74
2022-09-30,-7484598295,359.43
2022-10-03,-5718404498,367.01
2022-10-04,-4308087046,376.75
2022-10-05,-4539825118,378.27
2022-10-06,-6383064434,373.63
2022-10-07,-8198332077,362.27
2022-10-10,-8008126742,361.13
2022-10-11,-7966682001,357.67
2022-10-12,-7955952934,357.85
2022-10-13,-5687584982,366.14
2022-10-14,-8464636107,358.08
2022-10-17,-5827006703,367.45
2022-10-18,-5548803159,370.65
2022-10-19,-6743102689,367.64
2022-10-20,-8255452883,365.23
2022-10-21,-2694563148,374.51
2022-10-24,-1933624706,379.07
2022-10-25,-471202669,384.94
2022-10-26,-2002277348,382.91
2022-10-27,-3033215581,380.58
2022-10-28,-590699254,388.9
2022-10-31,-1921490572,387.04
2022-11-01,-2666454241,384.91
2022-11-02,-5960850843,376.66
2022-11-03,-8252814938,372.24
2022-11-04,-5358273390,375.89
2022-11-07,-3875093105,380.03
2022-11-08,-2797007543,383.25
2022-11-09,-6364035420,374.49
2022-11-10,1327308838,393.91
2022-11-11,1817765564,399.0
2022-11-14,262524765,397.04
2022-11-15,97774201,398.48
2022-11-16,-1602716629,395.54
2022-11-17,-3617150183,393.07
2022-11-18,-2142297280,396.26
2022-11-21,-3225026221,394.38
2022-11-22,326121169,399.78
2022-11-23,1186294416,401.93
2022-11-25,-532175987,402.46
2022-11-28,-4045482401,395.73
2022-11-29,-4428636757,394.94
2022-11-30,522055188,406.01
2022-12-01,1389966026,408.0
2022-12-02,-434530013,406.14
2022-12-05,-4597584677,398.86
2022-12-06,-6832301103,393.76
2022-12-07,-6409131536,392.92
2022-12-08,-4479079055,395.51
2022-12-09,-5036780831,394.23
2022-12-12,-2953475324,398.13
2022-12-13,-1584014850,402.59
2022-12-14,-3486187581,398.95
2022-12-15,-9628278195,389.19
2022-12-16,-7103354491,384.31
2022-12-19,-8347980966,379.38
2022-12-20,-7547407012,381.24
2022-12-21,-3887464234,385.81
2022-12-22,-8734090407,379.02
2022-12-23,-5925948366,382.22
2022-12-27,-6214242395,381.9
2022-12-28,-9016206296,376.63
2022-12-29,-4017561313,383.67
2022-12-30,-5063772894,381.38
2023-01-03,-5383725656,380.47
2023-01-04,-4952138606,381.39
2023-01-05,-6239503083,379.73
2023-01-06,-2251180890,388.9
2023-01-09,-3182784050,388.45
2023-01-10,-3461853586,389.77
2023-01-11,-1512048357,394.47
2023-01-12,-1399754269,396.22
2023-01-13,-1935886935,398.55
2023-01-17,-2693881884,397.63
2023-01-18,-7632405145,391.95
2023-01-19,-8766604310,389.77
2023-01-20,-2441186525,394.93
2023-01-23,-1168743365,399.97
2023-01-24,-3125324817,399.39
2023-01-25,-3234296278,399.62
2023-01-26,-199393967,403.58
2023-01-27,652594162,406.81
2023-01-30,-3684529664,401.2
2023-01-31,-1615605676,404.84
2023-02-01,1146962420,412.62
2023-02-02,910984555,415.12
2023-02-03,-2132676942,411.74
2023-02-06,-3245242434,409.73
2023-02-07,-155500610,415.01
2023-02-08,-2740483564,410.68
2023-02-09,-4834015121,407.48
2023-02-10,-4491700000,407.97
2023-02-13,-2386406222,412.53
2023-02-14,-1557396168,413.44
2023-02-15,-1802542121,413.05
2023-02-16,-5120915727,408.82
2023-02-17,-6020201967,406.61
2023-02-21,-9038780291,399.91
2023-02-22,-9732622817,397.25
2023-02-23,-7512672116,400.95
2023-02-24,-9167171142,395.57
2023-02-27,-7628063475,397.56
2023-02-28,-8827373598,397.01
2023-03-01,-10226925186,395.17
2023-03-02,-7079957916,398.11
2023-03-03,-4277132800,403.85
2023-03-06,-4803396505,404.69
2023-03-07,-9548276657,398.58
2023-03-08,-8851344644,399.01
2023-03-09,-10113565686,391.63
2023-03-10,-12644712250,384.73
2023-03-13,-11308050390,386.78
2023-03-14,-11509269001,389.62
2023-03-15,-12566172719,387.81
2023-03-16,-8112172715,396.1
2023-03-17,-6850792297,390.08
2023-03-20,-5308349291,393.3
2023-03-21,-2696766663,399.22
2023-03-22,-5166678759,395.69
2023-03-23,-7056944883,393.61
2023-03-24,-5681034134,395.31
2023-03-27,-4916803916,397.04
2023-03-28,-6413194059,394.75
2023-03-29,-1252338303,401.25
2023-03-30,-800720023,403.4
2023-03-31,308983133,408.13
2023-04-03,1469361403,410.98
2023-04-04,-2284183623,407.56
2023-04-05,-2492293972,407.58
2023-04-06,-2014035351,408.92
2023-04-10,-2066253255,408.93
2023-04-11,-1112679316,410.02
2023-04-12,-3043198200,408.25
2023-04-13,2077702850,413.74
2023-04-14,-880732794,412.56
2023-04-17,400110498,413.15
2023-04-18,1001556467,414.27
2023-04-19,-17124069,413.94
2023-04-20,-4353630408,410.75
2023-04-21,-3250977242,411.56
2023-04-24,-2412598894,412.38
2023-04-25,-7575831169,406.51
2023-04-26,-7914895675,404.07
2023-04-27,-1354024905,412.28
2023-04-28,1149124617,415.05
2023-05-01,-253570373,415.94
2023-05-02,-4668697432,410.61
2023-05-03,-5694137252,408.58
2023-05-04,-7879891965,404.87
2023-05-05,-1229775484,412.75
2023-05-08,-1524912714,412.97
2023-05-09,-3545294769,411.28
2023-05-10,-1662472257,413.31
2023-05-11,-4371996090,411.81
2023-05-12,-5233178514,411.11
2023-05-15,-3796236519,412.49
2023-05-16,-6071930784,411.18
2023-05-17,-534970893,415.1
2023-05-18,3006532060,419.06
2023-05-19,-996579703,418.68
2023-05-22,-1959380416,418.92
2023-05-23,-5703232279,415.03
2023-05-24,-8251410337,411.37
2023-05-25,-2770866054,415.55
2023-05-26,-325439000,420.37
2023-05-30,-1102168274,420.39
2023-05-31,-2821776639,419.01
2023-06-01,680999847,421.32
2023-06-02,3858116708,428.1
2023-06-05,1282141076,427.22
2023-06-06,83448238,428.01
2023-06-07,-1782948091,426.44
2023-06-08,2736338916,429.14
2023-06-09,2697030706,430.06
2023-06-12,3246886902,433.43
2023-06-13,3910596581,436.25
2023-06-14,3717105817,436.33
2023-06-15,7811936559,443.02
2023-06-16,110155340,440.08
2023-06-20,-2794022121,437.63
2023-06-21,-4696388882,435.32
2023-06-22,-2644886967,436.15
2023-06-23,-4871667896,433.7
2023-06-26,-6461588408,432.11
2023-06-27,38869960,436.64
2023-06-28,-3394972596,435.49
2023-06-29,-619199265,437.22
2023-06-30,3624152102,443.82
2023-07-03,1850112919,443.88
2023-07-05,1324938793,443.44
2023-07-06,-2582982244,439.53
2023-07-07,-1708424812,439.55
2023-07-10,-2332879395,438.95
2023-07-11,1068853716,442.0
2023-07-12,4090907337,446.1
2023-07-13,6175391913,450.31
2023-07-14,1306230156,449.06
2023-07-17,2980771640,451.28
2023-07-18,5287738516,454.47
2023-07-19,3696758283,455.44
2023-07-20,-1088983105,451.99
2023-07-21,-110548435,452.44
2023-07-24,411183637,454.06
2023-07-25,570144868,455.67
2023-07-26,-482640344,455.18
2023-07-27,-3927663031,451.82
2023-07-28,855225424,456.45
2023-07-31,-981885268,456.4
2023-08-01,-960422777,456.44
2023-08-02,-7526232385,450.19
2023-08-03,-7221696608,449.19
2023-08-04,-6823771608,446.63
2023-08-07,-4848206207,449.93
2023-08-08,-7051618931,449.12
2023-08-09,-7592070389,446.81
2023-08-10,-9191769221,445.11
2023-08-11,-7627949850,445.5
2023-08-14,-5491922720,447.5
2023-08-15,-10546517014,442.53
2023-08-16,-10502368315,440.32
2023-08-17,-13711681265,436.02
2023-08-18,-9979904641,437.07
2023-08-21,-7314053632,439.82
2023-08-22,-9126846958,437.72
2023-08-23,-4842845533,443.24
2023-08-24,-11252954065,437.7
2023-08-25,-7107020519,440.69
2023-08-28,-6157224041,442.63
2023-08-29,-175886537,449.37
2023-08-30,-1139733312,450.77
2023-08-31,-431424635,451.49
2023-09-01,-2022011788,450.77
2023-09-05,-2988538304,450.26
2023-09-06,-9250283458,446.13
2023-09-07,-9128947189,445.19
2023-09-08,-7277567304,445.05
2023-09-11,-1787339718,448.33
2023-09-12,-6568786340,446.01
2023-09-13,-4653445393,446.24
2023-09-14,1779927144,450.49
2023-09-15,-10169380292,443.19
2023-09-18,-7942974536,443.2
2023-09-19,-8530181688,442.98
2023-09-20,-11028805864,439.13
2023-09-21,-14746506623,432.35
2023-09-22,-11594329729,431.19
2023-09-25,-11831383054,431.39
2023-09-26,-14540329162,425.7
2023-09-27,-13340817271,425.07
2023-09-28,-10386407171,428.36
2023-09-29,-8879691906,427.25
2023-10-02,-10236897676,426.25
2023-10-03,-12560909931,421.08
2023-10-04,-9025036028,424.93
2023-10-05,-9461428113,424.92
2023-10-06,-4613491809,430.44
2023-10-09,-4595775770,431.67
2023-10-10,-2621328594,434.88
2023-10-11,-2771096259,436.15
2023-10-12,-5609400699,433.76
2023-10-13,-7726087803,430.69
2023-10-16,-2304302431,436.26
2023-10-17,-4876549851,434.97
2023-10-18,-10468240115,429.44
2023-10-19,-13185956246,425.87
2023-10-20,-9287804689,421.63
2023-10-23,-9445240012,421.19
2023-10-24,-7431300843,424.13
2023-10-25,-11489834747,417.6
2023-10-26,-12741539055,412.44
2023-10-27,-10962326752,409.57
2023-10-30,-7761773342,416.06
2023-10-31,-7375644408,417.86
2023-11-01,-4199439982,423.06
2023-11-02,999103517,430.57
2023-11-03,1314029920,435.23
2023-11-06,-1185254031,434.86
2023-11-07,866589182,437.55
2023-11-08,-52135299,437.6
2023-11-09,-6383640661,433.61
2023-11-10,3533373439,440.49
2023-11-13,2044001579,440.65
2023-11-14,6923204474,449.48
2023-11-15,4783206691,449.86
2023-11-16,3558856825,449.93
2023-11-17,1367565202,450.4
2023-11-20,4978930864,454.81
2023-11-21,480227863,452.98
2023-11-22,4294296632,455.19
2023-11-24,1999255663,454.97
2023-11-27,1690047113,455.05
2023-11-28,73923188,454.64
2023-11-29,-701939009,454.49
2023-11-30,144783256,455.28
2023-12-01,2764188829,458.78
2023-12-04,-488899712,456.38
2023-12-05,143965012,456.2
2023-12-06,-2780526293,454.86
2023-12-07,2180027301,458.17
2023-12-08,2343821569,460.52
2023-12-11,3449413030,461.69
2023-12-12,6512346113,463.82
2023-12-13,10685003084,469.75
2023-12-14,12532120213,471.39
2023-12-15,3807595450,469.11
2023-12-18,9339448705,472.35
2023-12-19,10817967133,474.24
2023-12-20,1100283204,469.57
2023-12-21,5927287784,472.2
2023-12-22,6064963406,473.44
2023-12-26,9329207183,475.9
2023-12-27,7098702746,475.32
2023-12-28,9978209988,477.17
2023-12-29,2738030096,475.39
2024-01-02,-5642341723,471.02
2024-01-03,-3492617259,469.05
2024-01-04,-2933245087,468.36
2024-01-05,-3349589896,467.69
2024-01-08,3175939071,473.94
2024-01-09,226464762,473.38
2024-01-10,3190518093,476.02
2024-01-11,1988661797,475.87
2024-01-12,1841420795,476.5
2024-01-16,-2275944352,474.19
2024-01-17,-5834082380,471.75
2024-01-18,3058334093,476.31
2024-01-19,3986619706,482.1
2024-01-22,4132805542,483.75
2024-01-23,4779328000,484.69
2024-01-24,4601310961,486.19
2024-01-25,2293038827,486.99
2024-01-26,2123423934,487.19
2024-01-29,3888647812,490.45
2024-01-30,2294036663,491.13
2024-01-31,-5172261523,483.63
2024-02-01,1514894337,488.76
2024-02-02,5223519844,494.94
2024-02-05,3804581333,493.06
2024-02-06,3210868680,492.88
2024-02-07,5469513098,498.12
2024-02-08,4132665035,498.28
2024-02-09,4468350228,500.78
2024-02-12,2890364099,501.12
2024-02-13,-4795671879,492.81
2024-02-14,4287178911,498.38
2024-02-15,6827990624,501.3
2024-02-16,638896911,499.75
2024-02-20,-3597027644,496.01
2024-02-21,-2160885531,495.9
2024-02-22,7706561939,507.75
2024-02-23,3629544380,508.25
2024-02-26,1225213841,506.63
2024-02-27,968926862,506.72
2024-02-28,-579249276,505.62
2024-02-29,3751681792,508.6
2024-03-01,4072354442,512.89
2024-03-04,446650878,512.65
2024-03-05,-7705726152,505.75
2024-03-06,-851952571,509.88
2024-03-07,3870518694,515.34
2024-03-08,-944720116,512.26
2024-03-11,-940615057,511.47
2024-03-12,6950146608,516.78
2024-03-13,2877755371,515.86
2024-03-14,-2571651019,513.33
2024-03-15,-4590234449,509.56
2024-03-18,391310879,513.85
2024-03-19,-718495931,515.14
2024-03-20,3297946184,519.75
2024-03-21,6165677340,522.72
2024-03-22,1272270330,521.87
2024-03-25,779857685,520.55
2024-03-26,-252476443,519.38
2024-03-27,5283896558,522.33
2024-03-28,4555826020,523.92
2024-04-01,1564534597,522.11
2024-04-02,-3086836185,518.61
2024-04-03,476498003,519.55
2024-04-04,-5169051772,513.73
2024-04-05,-2272105633,518.38
2024-04-08,-2221236714,518.78
2024-04-09,-3394878574,517.77
2024-04-10,-6403210303,514.42
2024-04-11,679116914,519.17
2024-04-12,-7867111127,510.72
2024-04-15,-11129547280,504.51
2024-04-16,-10762189822,504.55
2024-04-17,-11925760778,501.17
2024-04-18,-12223781523,500.01
2024-04-19,-10653060877,494.19
2024-04-22,-7254224621,499.76
2024-04-23,-2256488733,505.47
2024-04-24,-3444103567,505.61
2024-04-25,-6241757087,502.88
2024-04-26,-989256737,508.81
2024-04-29,-2392729579,508.94
2024-04-30,-6428930049,504.56
2024-05-01,-7193763502,503.39
2024-05-02,-5838070116,504.17
2024-05-03,-462633487,511.5
2024-05-06,1948650626,515.43
2024-05-07,1555398191,517.16
2024-05-08,354616943,517.41
2024-05-09,2574986068,519.72
2024-05-10,1756751014,520.87
2024-05-13,-43810320,520.77
2024-05-14,1575590914,523.51
2024-05-15,6077832601,529.36
2024-05-16,3418307416,529.01
2024-05-17,525363447,529.0
2024-05-20,1653122577,529.85
2024-05-21,1646378951,530.95
2024-05-22,-942947266,528.81
2024-05-23,-5838165616,525.45
2024-05-24,-194629483,529.05
2024-05-28,-2585831998,528.7
2024-05-29,-5077741021,526.63
2024-05-30,-8112271985,522.39
2024-05-31,-4855095232,523.99
2024-06-03,-2876929020,526.18
2024-06-04,-1858816576,527.63
2024-06-05,3139483801,533.68
2024-06-06,1669023718,534.07
2024-06-07,424133144,534.08
2024-06-10,425700846,534.97
2024-06-11,515353622,536.2
2024-06-12,4934418420,540.65
2024-06-13,4729612592,542.76
2024-06-14,1521559591,541.98
2024-06-17,6153203941,547.8
2024-06-18,4520712041,547.98
2024-06-20,2771479088,547.43
2024-06-21,-1177429255,544.47
2024-06-24,-427004866,543.98
2024-06-25,-61620752,544.52
2024-06-26,30943804,544.76
2024-06-27,1588007511,545.71
2024-06-28,-2006872676,544.88
2024-07-01,-2522984438,544.67
2024-07-02,2508961409,548.12
2024-07-03,3522741560,550.62
2024-07-05,3562459577,554.82
2024-07-08,2390112236,554.86
2024-07-09,2829633568,555.72
2024-07-10,3707417002,560.41
2024-07-11,1024041320,557.09
2024-07-12,3607455597,560.61
2024-07-15,2078652895,560.76
2024-07-16,4457990777,564.2
2024-07-17,-3839029902,557.27
2024-07-18,-6637670832,552.69
2024-07-19,-7220326139,548.62
2024-07-22,-1471183658,554.99
2024-07-23,-3022189764,554.15
2024-07-24,-10057054233,542.07
2024-07-25,-8981578739,540.95
2024-07-26,-5887688359,544.28
2024-07-29,-4893385655,546.01
2024-07-30,-7307779631,542.16
2024-07-31,-450918914,552.0
2024-08-01,-8567804924,541.46
2024-08-02,-9594257958,531.82
2024-08-05,-9655825773,515.42
2024-08-06,-9070631135,526.1
2024-08-07,-10090261310,520.51
2024-08-08,-7567289236,530.16
2024-08-09,-7151853677,532.88
2024-08-12,-7916246753,531.96
2024-08-13,-3159042421,541.45
2024-08-14,-2735234009,543.52
2024-08-15,4122646865,552.78
2024-08-16,-95395633,553.97
2024-08-19,1781012952,558.16
2024-08-20,607810018,558.48
2024-08-21,966175246,560.0
2024-08-22,-2368739568,555.63
2024-08-23,2727918407,561.06
2024-08-26,1308339682,560.26
2024-08-27,2077531271,561.6
2024-08-28,-460169225,558.71
2024-08-29,954719165,558.78
2024-08-30,927609016,561.67
2024-09-03,-7279112606,550.55
2024-09-04,-6765662229,550.95
2024-09-05,-7986561419,548.67
2024-09-06,-10152135518,540.77
2024-09-09,-6921271922,545.53
2024-09-10,-5753641839,548.34
2024-09-11,-3217026547,552.63
2024-09-12,1662372534,558.92
2024-09-13,1690237945,561.97
2024-09-16,1145852449,562.67
2024-09-17,-294248643,562.07
2024-09-18,-974963289,562.0
2024-09-19,10606099544,571.32
2024-09-20,155810136,569.03
2024-09-23,2207790219,569.3
2024-09-24,2891701187,570.65
2024-09-25,1630472219,569.58
2024-09-26,4548964278,572.09
2024-09-27,1296112008,571.59
2024-09-30,-1696240901,572.24
2024-10-01,-4041672447,569.15
2024-10-02,-3519294968,569.3
2024-10-03,-5900789164,566.73
2024-10-04,-2682751044,572.39
2024-10-07,-7263461615,567.09
2024-10-08,-1529363251,573.4
2024-10-09,-421175117,576.98
2024-10-10,-1402501395,575.65
2024-10-11,2161180478,580.13
2024-10-14,4154605676,584.6
2024-10-15,-794860668,579.25
2024-10-16,2843713668,582.28
2024-10-17,2093143139,582.5
2024-10-18,1596096527,584.19
2024-10-21,-448122741,582.57
2024-10-22,798856583,583.85
2024-10-23,-3962015595,577.95
2024-10-24,-952175277,579.28
2024-10-25,-1801034369,579.35
2024-10-28,-533320265,581.39
2024-10-29,-247408187,582.51
2024-10-30,-2375427894,580.47
2024-10-31,-8092581215,571.17
2024-11-01,-4790992654,571.63
2024-11-04,-5909171209,569.84
2024-11-05,-2657778676,575.4
2024-11-06,6576667987,591.28
2024-11-07,8492435119,596.08
2024-11-08,7026576112,597.81
2024-11-11,5465732569,598.2
2024-11-12,4169468553,597.32
2024-11-13,5790820602,598.14
2024-11-14,703162308,593.18
2024-11-15,-3116944351,584.91
2024-11-18,398915483,588.1
2024-11-19,1408716047,589.96
2024-11-20,745878521,589.63
2024-11-21,6198187270,594.23
2024-11-22,4334175151,594.97
2024-11-25,6673204527,597.01
2024-11-26,10831594508,600.76
2024-11-27,6106400807,598.58
2024-11-29,7493992661,603.17
2024-12-02,7491809733,603.74
2024-12-03,6494682613,603.66
2024-12-04,9426223719,607.64
2024-12-05,8916834314,607.32
2024-12-06,7468546034,607.69
2024-12-09,2725770439,604.31
2024-12-10,66760336,602.65
2024-12-11,9584564402,607.82
2024-12-12,4377602902,605.22
2024-12-13,2342903320,604.5
2024-12-16,6940676547,606.78
2024-12-17,1380844812,604.18
2024-12-18,-8807371423,587.27
2024-12-19,-9260734531,587.9
2024-12-20,-5036729095,591.74
2024-12-23,-2379418902,594.64
2024-12-24,4151095321,599.74
2024-12-26,5770340095,601.87
2024-12-27,-5950465707,592.78
2024-12-30,-5243795505,590.0
2024-12-31,-7699808325,585.96
2025-01-02,-17678258985,584.18
2025-01-03,-1394525440,591.55
2025-01-06,-1773826800,594.45
2025-01-07,-8488019237,587.61
2025-01-08,-8065800430,588.91
2025-01-10,-12612295680,580.13
2025-01-13,-12406936154,580.3
2025-01-14,-11518379500,580.32
2025-01-15,-890367810,593.61
2025-01-16,-2718447312,592.89
2025-01-17,855402112,598.26
2025-01-21,2547569063,602.45
2025-01-22,3608044290,606.98
2025-01-23,1191066236,607.94
2025-01-24,-1468016808,607.13
2025-01-27,-8631665555,598.3
2025-01-28,-1104388419,605.14
2025-01-29,-3870596737,601.91
2025-01-30,-2442316212,602.56
2025-01-31,-2912506738,601.5
2025-02-03,-6221966655,598.29
2025-02-04,-2680278251,601.51
2025-02-05,-1502260096,603.14
2025-02-06,242475178,605.13
2025-02-07,-3903385101,600.73
2025-02-10,-686503615,604.78
2025-02-11,-1371038300,604.93
2025-02-12,-3921433711,602.86
2025-02-13,1083199991,609.24
2025-02-14,2140204841,609.74
2025-02-18,1866337881,609.84
2025-02-19,4196265502,612.38
2025-02-20,111926253,609.97
2025-02-21,-8195679535,599.91
2025-02-24,-8471147552,598.72
2025-02-25,-11297392186,594.1
2025-02-26,-9453384863,595.17
2025-02-27,-14268053729,586.24
2025-02-28,-9513931434,589.94
2025-03-03,-12849933967,581.22
2025-03-04,-14168963083,579.7
2025-03-05,-11854182419,583.23
2025-03-06,-15031148014,572.07
2025-03-07,-12625560779,574.92
2025-03-10,-15867690912,559.57
2025-03-11,-15045828088,559.16
2025-03-12,-15330443558,559.49
2025-03-13,-16521770303,550.75
2025-03-14,-14353835666,561.82
2025-03-17,-12746113970,568.94
2025-03-18,-17201171094,560.69
2025-03-19,-16197653547,569.22
2025-03-20,-17465254971,566.07
2025-03-21,-7397111476,562.46
2025-03-24,-896950600,574.26
2025-03-25,-2226376476,574.79
2025-03-26,-6990534728,568.25
2025-03-27,-6023209974,568.86
2025-03-28,-12480588593,555.41
2025-03-31,-8255395335,559.64
2025-04-01,-7532909339,560.29
2025-04-02,-5208477073,565.16
2025-04-03,-14684439032,538.62
2025-04-04,-10687099551,512.69
2025-04-07,-9819645097,501.94
2025-04-08,-9013140770,491.03
2025-04-09,-7003401973,541.5
2025-04-10,-9034707230,520.0
2025-04-11,-7635688598,534.4
2025-04-14,-7227274587,541.58
2025-04-15,-8896839812,537.8
2025-04-16,-10889722358,522.97
2025-04-17,-6030964297,527.62
2025-04-21,-8152105170,512.23
2025-04-22,-5397620088,526.79
2025-04-23,-3704040179,535.06
2025-04-24,-2083395230,546.42
2025-04-25,-1376054658,549.44
2025-04-28,-1487843049,551.04
2025-04-29,-1478457979,554.13
2025-04-30,-2760328690,551.85
2025-05-01,581723762,561.53
2025-05-02,800019877,566.8
2025-05-05,-1665815667,564.35
2025-05-06,-2810793816,561.3
2025-05-07,-2357003162,562.54
2025-05-08,178132858,566.98
2025-05-09,-2140073702,564.28
2025-05-12,6475106436,580.97
2025-05-13,6685855645,588.43
2025-05-14,3245739310,586.68
2025-05-15,3844799796,589.15
2025-05-16,3697549659,593.37
2025-05-19,2885927965,593.96
2025-05-20,1120441415,591.79
2025-05-21,-3107029087,584.17
2025-05-22,-2942573756,584.64
2025-05-23,-3493058150,580.39
2025-05-27,1621777893,590.25
2025-05-28,137513186,588.53
2025-05-29,1408327445,589.6
2025-05-30,136922849,589.64
2025-06-02,1148294587,591.89
2025-06-03,3272557920,595.95
2025-06-04,2677519113,596.85
2025-06-05,122907701,594.08
2025-06-06,3150392697,599.52
2025-06-09,2628490723,600.04
2025-06-10,2541972150,602.13
2025-06-11,1046827599,600.81
2025-06-12,2392413539,602.8
2025-06-13,-3624640965,595.78
2025-06-16,751265014,602.44
2025-06-17,-3393355218,598.13
2025-06-18,-2099620313,598.41
2025-06-20,-4440362824,593.71
2025-06-23,-1082731634,599.09
2025-06-24,3575669390,607.49
2025-06-25,2539873768,606.71
2025-06-26,6038059195,611.41
2025-06-27,4130377793,613.26
2025-06-30,4694660769,617.92
2025-07-01,3349381255,618.21
2025-07-02,3627783883,619.85
2025-07-03,3444106379,626.01
2025-07-07,-618851954,619.76
2025-07-08,810436661,620.32
2025-07-09,3327206560,623.69
2025-07-10,3949756304,626.35
2025-07-11,424503118,624.26
2025-07-14,708467684,624.38
2025-07-15,-392983753,623.5
2025-07-16,1089631707,624.43
2025-07-17,4232519000,627.86
2025-07-18,-455299405,627.04
2025-07-21,635098710,628.61
2025-07-22,-490631518,629.38
2025-07-23,3528882819,633.08
2025-07-24,2918843523,634.76
2025-07-25,2306662831,637.33
2025-07-28,1113089426,636.18
2025-07-29,-651812364,634.87
2025-07-30,-2685648103,632.51
2025-07-31,-2157817582,633.4
2025-08-01,-9188476118,621.89
2025-08-04,-2809651941,630.37
2025-08-05,-6029177442,628.49
2025-08-06,-1269530358,632.88
2025-08-07,-3998631955,631.48
2025-08-08,-17093727,636.39
2025-08-11,-3313808501,635.88
2025-08-12,2912401569,642.18
2025-08-13,2482177916,644.2
2025-08-14,2037522177,645.28
2025-08-15,-1479740000,644.0
2025-08-18,-2355854278,643.64
2025-08-19,-6830520689,639.34
2025-08-20,-6557437263,638.9
2025-08-21,-8481965030,635.34
2025-08-22,-108019487,644.99
2025-08-25,-2816164056,643.56
2025-08-26,-2919323464,644.12
2025-08-27,-707767081,647.17
2025-08-28,2825406770,649.16
2025-08-29,-5376043426,644.74
2025-09-02,-9538678847,639.61
2025-09-03,-5957360726,642.31
2025-09-04,-857284644,648.13
2025-09-05,-3032932400,646.68
2025-09-08,-1251413586,648.35
2025-09-09,-653451814,649.92
2025-09-10,-1410331128,651.73
2025-09-11,3716706183,657.93
2025-09-12,-823508679,657.86
2025-09-15,260538536,660.19
2025-09-16,-1394683258,660.23
2025-09-17,-2878720505,659.02
2025-09-18,2994526266,662.36
2025-09-19,1449249487,663.58
2025-09-22,1840308386,666.97
2025-09-23,-4177822322,663.09
2025-09-24,-5618760770,660.5
2025-09-25,-8851966066,657.3
2025-09-26,-1701412387,661.46
2025-09-29,-159989436,663.33
2025-09-30,-284355186,665.25
2025-10-01,2462903174,668.76
2025-10-02,2150606454,669.25
2025-10-03,-909610291,669.98
2025-10-06,383135261,671.87
2025-10-07,-3380931103,669.26
2025-10-08,1217355398,672.75
2025-10-09,-3739441544,670.89
2025-10-10,-9926194074,656.0
2025-10-13,-4346146329,663.16
2025-10-14,-6821299785,660.7
2025-10-15,-2944624001,664.72
2025-10-16,-7584131478,659.72
2025-10-17,-3842623365,664.5
2025-10-20,874545510,671.72
2025-10-21,-834212077,672.02
2025-10-22,-5968679713,667.46
2025-10-23,803606603,672.21
2025-10-24,2134959469,677.95
2025-10-27,5326811308,684.63
2025-10-28,4236741200,687.68
2025-10-29,1839141772,686.15
2025-10-30,-3988631547,680.72
2025-10-31,-605409169,684.02
2025-11-03,-1066619178,683.12
2025-11-04,-7578355127,676.49
2025-11-05,-3074940989,679.46
2025-11-06,-9920707690,671.16
2025-11-07,-6739139931,669.6
2025-11-10,3229889356,681.62
2025-11-11,3113543960,683.08
2025-11-12,2270914545,683.57
2025-11-13,-7501037204,672.4
2025-11-14,-5294365139,672.34
2025-11-17,-9476014857,664.22
2025-11-18,-10557487437,661.6
2025-11-19,-8839634395,662.84
2025-11-20,-14284824968,653.49
2025-11-21,-5952669293,660.35
2025-11-24,-988540730,669.38
2025-11-25,3162058563,675.17
2025-11-26,6983537454,681.3
2025-11-28,2656982758,682.02
2025-12-01,82949032,680.73
2025-12-02,1623523312,682.52
2025-12-03,3802586573,684.5
2025-12-04,1528641506,682.8
2025-12-05,2778730095,685.61
2025-12-08,-674138253,683.63
2025-12-09,-176918297,683.04
2025-12-10,4155310146,687.57
2025-12-11,6185550047,689.17
2025-12-12,-2530722567,681.76
2025-12-15,-1879117010,680.73
2025-12-16,-5232931768,678.87
2025-12-17,-9595643874,671.4
2025-12-18,-3225727512,676.47
2025-12-19,3348886778,680.59
2025-12-22,7363133840,684.83
2025-12-23,12122910625,687.96
2025-12-24,13050710512,690.38
2025-12-26,5525363923,690.31
2025-12-29,-1265579522,687.85
2025-12-30,728417467,687.01
2025-12-31,-5197915834,681.92
2026-01-02,-3908535980,682.6
2026-01-05,3350989114,687.97
2026-01-06,5943093942,692.05
2026-01-07,-1195460557,689.5
2026-01-08,-1648981954,689.43
2026-01-09,3015601319,694.83
2026-01-12,1855571886,695.33
2026-01-13,-4013933950,692.06
2026-01-14,-8980364060,688.86
2026-01-15,-3103603658,691.75
2026-01-16,-3715242557,691.91
2026-01-20,-13388558610,677.07
2026-01-21,-6783137089,685.38
2026-01-22,-4284462821,688.47
2026-01-23,-4253936298,689.22
2026-01-26,11454315,693.7
2026-01-27,-231556772,695.9
2026-01-28,-2175978360,695.22
2026-01-29,-4563638259,692.55
2026-01-30,-5047336478,691.45
2026-02-02,-1045099940,695.57
2026-02-03,-8672554382,688.63
2026-02-04,-7521753612,687.76
2026-02-05,-15467597332,677.05
2026-02-06,-1617148545,690.87
2026-02-09,2100992271,694.73
2026-02-10,-2991676944,693.11
2026-02-11,-4024859138,692.49
2026-02-12,-13635334422,682.29
2026-02-13,-11220564241,680.23
2026-02-17,-9250641947,682.79
2026-02-18,-5821629913,685.85
2026-02-19,-8599858375,683.37
2026-02-20,-3254044085,689.03
2026-02-23,-9844824683,681.41
2026-02-24,-5142500839,687.29
2026-02-25,-253688545,693.17
2026-02-26,-8910464665,689.2
2026-02-27,-7916851888,685.25
2026-03-02,-7050446182,686.34
2026-03-03,-10953152209,680.57
2026-03-04,-4950923954,686.57
2026-03-05,-12145794369,679.79
2026-03-06,-10805395543,672.68
2026-03-09,-8961618340,677.93
2026-03-10,-9203196721,677.51
2026-03-11,-12112631017,675.95
2026-03-12,-16826264562,666.95
2026-03-13,-14543975062,661.52
2026-03-16,-12990210433,668.61
2026-03-17,-13301854545,671.05
2026-03-18,-19327869457,661.8
2026-03-19,-20887559079,660.02
2026-03-20,-10999152065,646.35
2026-03-23,-8298833368,658.04
2026-03-24,-11114029541,653.6
2026-03-25,-9942797833,656.21
2026-03-26,-15460670773,645.35
2026-03-27,-14689952367,633.67
2026-03-30,-16470555010,630.96
2026-03-31,-7783792513,650.25
2026-04-01,-5731887580,656.02
2026-04-02,-8335353903,654.25
2026-04-06,-6336314754,658.48
2026-04-07,-7490134794,658.42
2026-04-08,4424477970,675.0
2026-04-09,7403780321,680.28
2026-04-10,1886842188,679.14
2026-04-13,2581951124,684.0
2026-04-14,7679144299,694.04
2026-04-15,7861107659,699.35
2026-04-16,7880968450,701.5
2026-04-17,6300619749,710.01
2026-04-20,1916673299,707.73
2026-04-21,-1158469583,703.36
2026-04-22,589941955,710.46
2026-04-23,-3419616049,707.54
2026-04-24,1506185750,713.74
2026-04-27,2091207325,715.26
2026-04-28,-1413757875,711.68
2026-04-29,-616565799,710.71
2026-04-30,4240279596,719.24
2026-05-01,2982732301,722.03
2026-05-04,-901319392,717.68
2026-05-05,4292007470,724.75
2026-05-06,6712121930,733.9
2026-05-07,2495451005,731.21
2026-05-08,4335635234,737.39
2026-05-11,2690998926,738.43
2026-05-12,969316341,737.79
2026-05-13,5720979450,743.44
2026-05-14,6317043299,748.26
2026-05-15,-1797075879,740.11
2026-05-18,-2406932650,737.84
2026-05-19,-5124629456,733.8
2026-05-20,705264963,741.22
2026-05-21,1830006520,742.3
2026-05-22,1356311994,745.39
2026-05-26,3766523374,750.58
2026-05-27,3844010629,750.74
2026-05-28,5620573724,754.84
2026-05-29,3216550501,757.3
2026-06-01,3444276918,758.89
2026-06-02,2828425621,759.22
2026-06-03,-1486393631,755.15
2026-06-04,2249352569,757.73
2026-06-05,-7838465096,738.14
2026-06-08,-8375370294,739.62
2026-06-09,-11656384180,733.75
2026-06-10,-11985961482,726.96
2026-06-11,-5311072139,738.83
2026-06-12,-5543546687,740.63
2026-06-15,3658552756,754.37
2026-06-16,-1134256942,750.92
2026-06-17,-8857298992,740.15
2026-06-18,-939079084,746.74
2026-06-22,-3831964708,744.39
2026-06-23,-9176576488,733.58
2026-06-24,-7472583224,733.24
2026-06-25,-9522961649,734.3
2026-06-26,-8527678231,728.99
2026-06-29,-2629832312,741.0
2026-06-30,1647650225,746.77
2026-07-01,-500198509,745.76
2026-07-02,-2152940006,744.78
2026-07-06,3436992447,751.28
2026-07-07,-1476698313,747.71
2026-07-08,-3580324264,745.4
2026-07-09,4599663067,751.71
2026-07-10,5331143479,754.95
2026-07-13,-3138860888,749.17
2026-07-14,794978421,751.83
2026-07-15,2975772231,754.81
2026-07-16,-5060516139,750.72
2026-07-17,-8238105904,743.29
2026-07-20,-9561260070,742.09
2026-07-21,-3103867135,748.28
2026-07-22,-2905539369,747.41
2026-07-23,-12867143009,738.18
2026-07-24,-10198398801,738.93
2026-07-27,-10128720434,739.09
2026-07-28,-8876402208,740.86
2026-07-29,-17197161207,729.46
2026-07-30,-6376459839,741.69
2026-07-31,-937436169,747.03
2026-08-03,7043880144,757.67
2026-08-04,7770009183,771.33
2026-08-05,6358891941,769.79
2026-08-06,3159435247,768.56
2026-08-07,7033424880,773.26
2026-08-10,10534768533,773.03
2026-08-11,5266321541,770.56
