d,callv,putv,totv,otm_call_0dte
2022-09-02,710499,771527,1482026,175632
2022-09-06,564456,789577,1354033,246068
2022-09-07,522746,705366,1228112,202118
2022-09-09,724710,782550,1507260,89066
2022-09-12,642451,738969,1381420,196784
2022-09-14,613398,803719,1417117,243833
2022-09-16,728644,1099737,1828381,471135
2022-09-19,564647,702439,1267086,179500
2022-09-21,357550,407525,765075,242051
2022-09-23,715551,843516,1559067,539015
2022-09-26,521480,598274,1119754,236214
2022-09-28,634939,768308,1403247,256602
2022-09-30,581549,700511,1282060,227904
2022-10-03,556735,622022,1178757,161696
2022-10-05,506006,806155,1312161,371934
2022-10-07,692386,926012,1618398,460965
2022-10-10,461743,582578,1044321,410609
2022-10-12,560687,670802,1231489,362218
2022-10-14,778390,899848,1678238,643092
2022-10-17,691272,692143,1383415,455553
2022-10-19,615005,630412,1245417,372122
2022-10-21,746128,957475,1703603,506683
2022-10-24,755292,784783,1540075,367928
2022-10-26,600250,628478,1228728,124592
2022-10-28,796187,754323,1550510,170173
2022-10-31,549734,541614,1091348,248302
2022-11-02,238370,250385,488755,162468
2022-11-04,737752,871630,1609382,299669
2022-11-07,538756,573253,1112009,210560
2022-11-09,703825,725740,1429565,449985
2022-11-11,673061,613773,1286834,261935
2022-11-14,549383,585067,1134450,148453
2022-11-15,629750,495407,1125157,323707
2022-11-16,470436,625048,1095484,302005
2022-11-17,446117,385165,831282,277001
2022-11-18,756745,632138,1388883,502566
2022-11-21,480768,493586,974354,287935
2022-11-22,474431,501873,976304,108171
2022-11-23,497735,453714,951449,101836
2022-11-25,394230,429389,823619,89889
2022-11-28,476025,549950,1025975,276876
2022-11-29,495214,535203,1030417,145615
2022-11-30,319092,343379,662471,178262
2022-12-01,689968,777606,1467574,329609
2022-12-02,594052,698054,1292106,278190
2022-12-05,550188,541914,1092102,208822
2022-12-06,661463,735126,1396589,482695
2022-12-07,705881,813998,1519879,201400
2022-12-08,615192,641591,1256783,150200
2022-12-09,645261,704292,1349553,230387
2022-12-12,449116,599325,1048441,134087
2022-12-13,891759,798197,1689956,735195
2022-12-14,263576,321957,585533,139911
2022-12-15,593624,734666,1328290,470702
2022-12-16,675361,783684,1459045,556335
2022-12-19,443069,556605,999674,295886
2022-12-20,620911,740709,1361620,248331
2022-12-21,650811,626880,1277691,79555
2022-12-22,581154,699677,1280831,476600
2022-12-23,715941,840492,1556433,330880
2022-12-27,508339,649801,1158140,219609
2022-12-28,567829,676516,1244345,476812
2022-12-29,661216,645204,1306420,51472
2022-12-30,583652,842137,1425789,254305
2023-01-03,614411,651025,1265436,355467
2023-01-04,503164,606922,1110086,253079
2023-01-05,542757,759325,1302082,330228
2023-01-06,856751,854840,1711591,176457
2023-01-09,763431,715281,1478712,167397
2023-01-10,781441,842362,1623803,310896
2023-01-11,639269,730082,1369351,332547
2023-01-12,867137,775521,1642658,567610
2023-01-13,581733,711198,1292931,120080
2023-01-17,604501,608009,1212510,240149
2023-01-18,679027,676827,1355854,470170
2023-01-19,565018,796847,1361865,318152
2023-01-20,702410,681885,1384295,191168
2023-01-23,865315,730067,1595382,110208
2023-01-24,694357,780877,1475234,161041
2023-01-25,671620,966543,1638163,342085
2023-01-26,915247,796130,1711377,711502
2023-01-27,900955,847222,1748177,404637
2023-01-30,795688,795968,1591656,508107
2023-01-31,728264,743738,1472002,97396
2023-02-01,409475,318704,728179,281953
2023-02-02,855326,700037,1555363,211155
2023-02-03,810583,870814,1681397,209718
2023-02-06,711614,728657,1440271,205576
2023-02-07,395504,351983,747487,203142
2023-02-08,703321,614692,1318013,395624
2023-02-09,590875,614456,1205331,322570
2023-02-10,769802,834226,1604028,385053
2023-02-13,593146,752751,1345897,76189
2023-02-14,796652,894043,1690695,466237
2023-02-15,628401,596231,1224632,224457
2023-02-16,786163,613566,1399729,142667
2023-02-17,887787,936997,1824784,604417
2023-02-21,720554,822325,1542879,448988
2023-02-22,587538,599890,1187428,230539
2023-02-23,598545,604435,1202980,408194
2023-02-24,669158,813244,1482402,342376
2023-02-27,661724,766582,1428306,286068
2023-02-28,669162,637602,1306764,187950
2023-03-01,709925,719630,1429555,245288
2023-03-02,597361,687365,1284726,124003
2023-03-03,725463,831732,1557195,171153
2023-03-06,666210,701684,1367894,121344
2023-03-07,777680,783227,1560907,601731
2023-03-08,568385,764060,1332445,182538
2023-03-09,668962,714921,1383883,300859
2023-03-10,857967,1077333,1935300,316630
2023-03-13,741432,912871,1654303,238955
2023-03-14,670201,736046,1406247,244188
2023-03-15,658568,754082,1412650,394298
2023-03-16,649902,765799,1415701,108760
2023-03-17,917862,832446,1750308,801968
2023-03-20,540515,613972,1154487,103292
2023-03-21,595245,732225,1327470,257807
2023-03-22,291301,272505,563806,163794
2023-03-23,518259,803862,1322121,76179
2023-03-24,693583,860381,1553964,328545
2023-03-27,587043,635354,1222397,371114
2023-03-28,525353,621089,1146442,277981
2023-03-29,536107,660436,1196543,249401
2023-03-30,504098,680489,1184587,98137
2023-03-31,496022,788397,1284419,51490
2023-04-03,561480,747164,1308644,219715
2023-04-04,574574,745802,1320376,340518
2023-04-05,453657,680448,1134105,250858
2023-04-06,566944,718296,1285240,107384
2023-04-10,549065,507197,1056262,140954
2023-04-11,520123,483423,1003546,125648
2023-04-12,807605,653005,1460610,533052
2023-04-13,563292,638443,1201735,70875
2023-04-14,897354,981189,1878543,501686
2023-04-17,526411,605209,1131620,108223
2023-04-18,702742,716916,1419658,304944
2023-04-19,501187,522393,1023580,59135
2023-04-20,635374,517619,1152993,84660
2023-04-21,768876,885402,1654278,342986
2023-04-24,641610,629954,1271564,245457
2023-04-25,660908,610421,1271329,251597
2023-04-26,618695,617062,1235757,181732
2023-04-27,533295,611540,1144835,132142
2023-04-28,857898,924815,1782713,425587
2023-05-01,575512,589903,1165415,55214
2023-05-02,958033,1028044,1986077,857434
2023-05-03,353149,357234,710383,231733
2023-05-04,558924,745815,1304739,254096
2023-05-05,705375,624094,1329469,73642
2023-05-08,441710,637241,1078951,97472
2023-05-09,541066,570095,1111161,83562
2023-05-10,964937,767726,1732663,523428
2023-05-11,652343,702632,1354975,125537
2023-05-12,576335,712819,1289154,272292
2023-05-15,523471,679702,1203173,103397
2023-05-16,581222,766914,1348136,130353
2023-05-17,518127,640430,1158557,47848
2023-05-18,772110,780005,1552115,65655
2023-05-19,484853,651607,1136460,96170
2023-05-22,665006,947201,1612207,128613
2023-05-23,599186,713714,1312900,134153
2023-05-24,652173,748196,1400369,311317
2023-05-25,592936,585204,1178140,146640
2023-05-26,813890,826441,1640331,81145
2023-05-30,617602,675538,1293140,273223
2023-05-31,626387,743190,1369577,356248
2023-06-01,743073,677968,1421041,64694
2023-06-02,1097408,933875,2031283,83859
2023-06-05,639399,623095,1262494,99652
2023-06-06,674093,818427,1492520,31816
2023-06-07,756700,868150,1624850,362268
2023-06-08,584047,665595,1249642,22982
2023-06-09,805822,692819,1498641,105528
2023-06-12,418762,536150,954912,87107
2023-06-13,751268,733423,1484691,147469
2023-06-14,309480,344553,654033,109075
2023-06-15,641218,836227,1477445,62826
2023-06-16,847921,686405,1534326,393125
2023-06-20,587242,727177,1314419,206198
2023-06-21,564565,672212,1236777,160368
2023-06-22,640124,604695,1244819,157516
2023-06-23,672829,654596,1327425,150164
2023-06-26,681832,590802,1272634,166983
2023-06-27,681800,554504,1236304,88628
2023-06-28,726369,605323,1331692,58702
2023-06-29,749148,495777,1244925,177064
2023-06-30,784839,721507,1506346,174429
2023-07-03,545226,383837,929063,47377
2023-07-05,419604,384632,804236,15543
2023-07-06,717474,604111,1321585,330199
2023-07-07,675559,488702,1164261,69075
2023-07-10,676424,532388,1208812,197564
2023-07-11,676744,482243,1158987,75601
2023-07-12,707660,505310,1212970,101067
2023-07-13,473867,416244,890111,71105
2023-07-14,730821,560484,1291305,99562
2023-07-17,429579,410839,840418,36993
2023-07-18,519372,499376,1018748,31228
2023-07-19,700830,458016,1158846,165161
2023-07-20,652197,615893,1268090,239885
2023-07-21,619344,650083,1269427,109059
2023-07-24,559220,604027,1163247,45804
2023-07-25,372753,397343,770096,76569
2023-07-26,265997,218428,484425,84560
2023-07-27,605266,616939,1222205,272717
2023-07-28,612378,654216,1266594,55826
2023-07-31,504405,540756,1045161,82118
2023-08-01,554161,583521,1137682,80702
2023-08-02,675629,816694,1492323,302966
2023-08-03,503006,676552,1179558,149883
2023-08-04,728124,732451,1460575,123045
2023-08-07,544340,711865,1256205,97129
2023-08-08,619458,761039,1380497,342828
2023-08-09,542036,685913,1227949,246324
2023-08-10,752597,960090,1712687,327909
2023-08-11,805331,952953,1758284,231865
2023-08-14,693334,650184,1343518,72034
2023-08-15,723808,785180,1508988,320001
2023-08-16,600391,642657,1243048,104558
2023-08-17,649095,792579,1441674,177202
2023-08-18,745934,909572,1655506,201525
2023-08-21,641154,626606,1267760,350715
2023-08-22,706559,786295,1492854,262271
2023-08-23,535726,606196,1141922,42486
2023-08-24,679146,995130,1674276,579475
2023-08-25,683306,995685,1678991,611522
2023-08-28,555607,979633,1535240,136606
2023-08-29,792904,1091098,1884002,57550
2023-08-30,880277,878193,1758470,249423
2023-08-31,640131,604820,1244951,113136
2023-09-01,732695,919690,1652385,287923
2023-09-05,493192,676804,1169996,77486
2023-09-06,612041,775586,1387627,439375
2023-09-07,610314,755483,1365797,91607
2023-09-08,731385,623034,1354419,88696
2023-09-11,705621,667564,1373185,126619
2023-09-12,586942,613765,1200707,149758
2023-09-13,666567,812248,1478815,95645
2023-09-14,632680,846294,1478974,61009
2023-09-15,851092,811579,1662671,657355
2023-09-18,518988,618812,1137800,114958
2023-09-19,580274,726948,1307222,352018
2023-09-20,312532,387352,699884,132968
2023-09-21,637708,741820,1379528,268474
2023-09-22,680703,854489,1535192,106549
2023-09-25,499643,657995,1157638,184457
2023-09-26,640617,757710,1398327,216083
2023-09-27,641811,739246,1381057,388467
2023-09-28,588638,770422,1359060,129993
2023-09-29,597207,706226,1303433,199007
2023-10-02,624014,627062,1251076,273090
2023-10-03,840059,924052,1764111,701806
2023-10-04,705419,874407,1579826,513670
2023-10-05,632580,833797,1466377,469756
2023-10-06,788465,1028127,1816592,151726
2023-10-09,438688,642487,1081175,206646
2023-10-10,781708,663755,1445463,135300
2023-10-11,610404,644773,1255177,237768
2023-10-12,648389,729930,1378319,184711
2023-10-13,667998,889645,1557643,573881
2023-10-16,706982,885552,1592534,75021
2023-10-17,741740,842192,1583932,133444
2023-10-18,767375,924627,1692002,553894
2023-10-19,516932,696926,1213858,314770
2023-10-20,743306,1016059,1759365,599572
2023-10-23,746721,888679,1635400,183476
2023-10-24,780247,671281,1451528,280383
2023-10-25,694157,623710,1317867,317065
2023-10-26,750279,825495,1575774,307198
2023-10-27,782537,776597,1559134,297023
2023-10-30,663371,916388,1579759,294258
2023-10-31,667359,956048,1623407,122413
2023-11-01,510891,543615,1054506,158610
2023-11-02,729085,768633,1497718,94455
2023-11-03,865048,873967,1739015,199800
2023-11-06,576758,673624,1250382,151717
2023-11-07,709951,683932,1393883,62799
2023-11-08,614803,639645,1254448,265637
2023-11-09,553751,680283,1234034,134790
2023-11-10,518229,919395,1437624,112940
2023-11-13,677398,668883,1346281,121063
2023-11-14,832813,746542,1579355,95644
2023-11-15,666507,604760,1271267,85578
2023-11-16,577422,708812,1286234,148242
2023-11-17,575137,616967,1192104,105551
2023-11-20,567237,510053,1077290,66262
2023-11-21,417649,489614,907263,145161
2023-11-22,752293,738730,1491023,250287
2023-11-24,391453,435227,826680,24223
2023-11-27,450339,522829,973168,80330
2023-11-28,514113,620831,1134944,25439
2023-11-29,775111,700640,1475751,229814
2023-11-30,648100,745504,1393604,126420
2023-12-01,470509,493086,963595,107296
2023-12-04,664930,707878,1372808,386918
2023-12-05,801058,552450,1353508,108981
2023-12-06,720619,645205,1365824,190577
2023-12-07,597439,754466,1351905,40372
2023-12-08,760924,768849,1529773,117332
2023-12-11,528579,548311,1076890,29294
2023-12-12,576734,506132,1082866,75060
2023-12-13,284195,242822,527017,58802
2023-12-14,700056,622694,1322750,257388
2023-12-15,563237,554613,1117850,101742
2023-12-18,489872,477290,967162,81219
2023-12-19,546904,533951,1080855,22425
2023-12-20,515223,411862,927085,36036
2023-12-21,688139,681527,1369666,247203
2023-12-22,715410,617402,1332812,218584
2023-12-26,434060,415963,850023,39696
2023-12-27,486367,502943,989310,94075
2023-12-28,423961,420429,844390,59170
2023-12-29,509116,508258,1017374,221644
2024-01-02,541417,533374,1074791,183738
2024-01-03,586981,671153,1258134,125329
2024-01-04,506710,568583,1075293,75437
2024-01-05,671777,707116,1378893,95598
2024-01-08,611019,628153,1239172,73113
2024-01-09,680397,580440,1260837,148519
2024-01-10,699664,565644,1265308,95892
2024-01-11,806935,852216,1659151,546986
2024-01-12,816996,979563,1796559,382924
2024-01-16,754895,740565,1495460,178855
2024-01-17,743014,704221,1447235,168577
2024-01-18,707156,689713,1396869,146793
2024-01-19,861636,672825,1534461,107715
2024-01-22,651996,856570,1508566,251891
2024-01-23,568156,599421,1167577,152077
2024-01-24,803340,687657,1490997,75809
2024-01-25,662938,701738,1364676,143240
2024-01-26,701943,609524,1311467,53218
2024-01-29,583369,643832,1227201,148898
2024-01-30,418059,548285,966344,96651
2024-01-31,528809,457078,985887,264473
2024-02-01,609503,802825,1412328,349439
2024-02-02,913600,750944,1664544,181472
2024-02-05,761066,751823,1512889,403143
2024-02-06,860323,738780,1599103,219132
2024-02-07,788642,844858,1633500,180310
2024-02-08,501956,564303,1066259,70104
2024-02-09,666094,467934,1134028,69496
2024-02-12,400975,408732,809707,38653
2024-02-13,823149,780024,1603173,229784
2024-02-14,799580,736327,1535907,289190
2024-02-15,635048,731475,1366523,159088
2024-02-16,718597,738061,1456658,214908
2024-02-20,766204,752313,1518517,222841
2024-02-21,404427,395712,800139,171405
2024-02-22,801211,743727,1544938,182008
2024-02-23,747352,823059,1570411,213962
2024-02-26,399433,601037,1000470,18948
2024-02-27,516084,624361,1140445,111372
2024-02-28,509186,569246,1078432,46269
2024-02-29,654161,660520,1314681,174669
2024-03-01,650068,645195,1295263,118247
2024-03-04,440305,496631,936936,48985
2024-03-05,775398,940316,1715714,372360
2024-03-06,646254,696207,1342461,138196
2024-03-07,658424,720086,1378510,124875
2024-03-08,1006627,767758,1774385,274055
2024-03-11,698179,803587,1501766,147286
2024-03-12,893614,986596,1880210,169789
2024-03-13,667000,718781,1385781,176724
2024-03-14,815784,871835,1687619,296506
2024-03-15,797734,751327,1549061,269153
2024-03-18,570205,642952,1213157,161102
2024-03-19,480538,788401,1268939,143060
2024-03-20,313548,276698,590246,177159
2024-03-21,531101,634064,1165165,76503
2024-03-22,452164,644934,1097098,156097
2024-03-25,472203,480714,952917,86799
2024-03-26,455607,378100,833707,65063
2024-03-27,501366,638147,1139513,108236
2024-03-28,381839,405174,787013,33856
2024-04-01,556994,595932,1152926,247313
2024-04-02,741871,619597,1361468,268669
2024-04-03,515982,533850,1049832,62952
2024-04-04,444722,490002,934724,89357
2024-04-05,729988,731043,1461031,157344
2024-04-08,552226,562353,1114579,119116
2024-04-09,833976,880273,1714249,629117
2024-04-10,693737,712569,1406306,342349
2024-04-11,678413,748173,1426586,375038
2024-04-12,777349,831542,1608891,498451
2024-04-15,642198,877452,1519650,481711
2024-04-16,601398,758202,1359600,371268
2024-04-17,587998,798643,1386641,376775
2024-04-18,705540,772401,1477941,221617
2024-04-19,732953,1062631,1795584,444243
2024-04-22,577949,785636,1363585,361245
2024-04-23,938357,834628,1772985,130431
2024-04-24,742128,745276,1487404,441184
2024-04-25,727164,907081,1634245,339208
2024-04-26,758174,828960,1587134,143796
2024-04-29,782750,721509,1504259,170905
2024-04-30,552686,695927,1248613,163760
2024-05-01,410764,502789,913553,245269
2024-05-02,773213,832993,1606206,384972
2024-05-03,921355,1166273,2087628,532639
2024-05-06,532183,641231,1173414,135086
2024-05-07,555931,722248,1278179,100143
2024-05-08,560344,611705,1172049,116808
2024-05-09,691520,657143,1348663,89078
2024-05-10,848009,886009,1734018,371011
2024-05-13,439536,511595,951131,91401
2024-05-14,584299,674928,1259227,108877
2024-05-15,612136,664494,1276630,144431
2024-05-16,534528,486364,1020892,24790
2024-05-17,405081,538868,943949,60695
2024-05-20,476166,546127,1022293,69729
2024-05-21,488392,406362,894754,75923
2024-05-22,191888,182641,374529,60781
2024-05-23,735600,672916,1408516,357997
2024-05-24,566669,669846,1236515,72147
2024-05-28,477529,542281,1019810,99574
2024-05-29,650636,522084,1172720,205514
2024-05-30,598955,649095,1248050,188974
2024-05-31,811061,755350,1566411,526239
2024-06-03,597248,931538,1528786,412102
2024-06-04,630917,796726,1427643,267503
2024-06-05,652456,711580,1364036,170830
2024-06-06,475972,690645,1166617,114248
2024-06-07,683239,748554,1431793,194091
2024-06-10,408456,405480,813936,59375
2024-06-11,696106,530172,1226278,51536
2024-06-12,538557,524741,1063298,243988
2024-06-13,535722,705763,1241485,229420
2024-06-14,618424,757889,1376313,172745
2024-06-17,517634,589144,1106778,49748
2024-06-18,552773,583353,1136126,247932
2024-06-20,593247,640795,1234042,126713
2024-06-21,632055,717174,1349229,202489
2024-06-24,838529,763007,1601536,236334
2024-06-25,578489,550063,1128552,160959
2024-06-26,688135,476141,1164276,213346
2024-06-27,603284,681113,1284397,169553
2024-06-28,779464,823390,1602854,214264
2024-07-01,684421,863191,1547612,383182
2024-07-02,676426,700708,1377134,150895
2024-07-03,685870,659402,1345272,77877
2024-07-05,622276,658365,1280641,77611
2024-07-08,583465,591757,1175222,172017
2024-07-09,525559,602906,1128465,84549
2024-07-10,459620,454738,914358,115123
2024-07-11,741596,879547,1621143,511948
2024-07-12,928903,617007,1545910,150324
2024-07-15,720323,598965,1319288,97721
2024-07-16,784087,887243,1671330,265864
2024-07-17,803451,739182,1542633,332844
2024-07-18,950690,817023,1767713,540876
2024-07-19,740458,749442,1489900,359855
2024-07-22,888393,715390,1603783,176665
2024-07-23,779039,748837,1527876,244351
2024-07-24,917553,990714,1908267,582380
2024-07-25,1065547,1014237,2079784,374309
2024-07-26,945141,803337,1748478,411376
2024-07-29,910820,810105,1720925,653154
2024-07-30,671087,808043,1479130,470931
2024-07-31,661469,722454,1383923,302339
2024-08-01,1084519,1101209,2185728,1026702
2024-08-02,765290,1131880,1897170,684588
2024-08-05,426032,529913,955945,327765
2024-08-06,792548,689966,1482514,325833
2024-08-07,772076,817060,1589136,336885
2024-08-08,774504,681553,1456057,254661
2024-08-09,759940,828723,1588663,332319
2024-08-12,765167,724772,1489939,193438
2024-08-13,825914,821698,1647612,172541
2024-08-14,770718,725736,1496454,270628
2024-08-15,790677,773561,1564238,161461
2024-08-16,743283,639635,1382918,142361
2024-08-19,727547,633371,1360918,50557
2024-08-20,856103,809629,1665732,311062
2024-08-21,865848,765384,1631232,450320
2024-08-22,822304,751903,1574207,373455
2024-08-23,1068522,1098694,2167216,660543
2024-08-26,770105,748715,1518820,497203
2024-08-27,816909,711641,1528550,92872
2024-08-28,402538,400464,803002,236246
2024-08-29,762828,605970,1368798,87184
2024-08-30,681924,696270,1378194,370584
2024-09-03,928747,826411,1755158,739716
2024-09-04,822293,720578,1542871,259101
2024-09-05,822733,830037,1652770,591624
2024-09-06,928734,1190707,2119441,675408
2024-09-09,603311,849406,1452717,322427
2024-09-10,591461,897869,1489330,246363
2024-09-11,967395,996988,1964383,784251
2024-09-12,911331,1014991,1926322,541911
2024-09-13,961608,872991,1834599,237531
2024-09-16,723149,969462,1692611,276217
2024-09-17,799223,884959,1684182,171898
2024-09-18,245806,370816,616622,123200
2024-09-19,758015,1006925,1764940,287508
2024-09-20,650347,742225,1392572,324701
2024-09-23,630672,658962,1289634,107884
2024-09-24,781553,763422,1544975,102191
2024-09-25,559368,657690,1217058,81604
2024-09-26,737116,906783,1643899,497955
2024-09-27,518582,700031,1218613,80291
2024-09-30,420412,636068,1056480,73963
2024-10-01,991957,944101,1936058,657313
2024-10-02,742121,899432,1641553,179366
2024-10-03,829732,945469,1775201,434438
2024-10-04,864439,1007968,1872407,251063
2024-10-07,514185,699139,1213324,153137
2024-10-08,667075,815104,1482179,99775
2024-10-09,553831,664429,1218260,45299
2024-10-10,593166,718081,1311247,193175
2024-10-11,753459,856228,1609687,170873
2024-10-14,547084,576694,1123778,126133
2024-10-15,639199,903645,1542844,381728
2024-10-16,676694,660196,1336890,233316
2024-10-17,617588,631429,1249017,182623
2024-10-18,561415,534795,1096210,98264
2024-10-21,543751,717490,1261241,152783
2024-10-22,646376,583124,1229500,102268
2024-10-23,709419,618485,1327904,165611
2024-10-24,649481,506205,1155686,216041
2024-10-25,698131,707856,1405987,94245
2024-10-28,467094,606964,1074058,133465
2024-10-29,689655,690714,1380369,115255
2024-10-30,600079,689626,1289705,149521
2024-10-31,855962,768851,1624813,713340
2024-11-01,973014,901794,1874808,203462
2024-11-04,653387,682250,1335637,188820
2024-11-05,894895,909429,1804324,233871
2024-11-06,749195,859679,1608874,375109
2024-11-07,531253,441981,973234,159611
2024-11-08,749231,580022,1329253,87143
2024-11-11,539585,557402,1096987,82715
2024-11-12,579500,686828,1266328,154870
2024-11-13,722401,811620,1534021,89745
2024-11-14,671927,828303,1500230,120337
2024-11-15,1021863,1258438,2280301,650933
2024-11-18,841450,594307,1435757,73469
2024-11-19,893820,837856,1731676,103853
2024-11-20,739516,787931,1527447,335770
2024-11-21,1026530,988764,2015294,291385
2024-11-22,1011554,882399,1893953,207081
2024-11-25,998567,1029642,2028209,452246
2024-11-26,743070,969723,1712793,63926
2024-11-27,714342,870453,1584795,243699
2024-11-29,682672,645694,1328366,18424
2024-12-02,686250,728847,1415097,89061
2024-12-03,510031,719860,1229891,74500
2024-12-04,559204,680329,1239533,20396
2024-12-05,528591,585482,1114073,38234
2024-12-06,529007,579987,1108994,40361
2024-12-09,543687,744713,1288400,125038
2024-12-10,597608,555166,1152774,63420
2024-12-11,627313,641399,1268712,52048
2024-12-12,644743,775725,1420468,63199
2024-12-13,895997,893354,1789351,470398
2024-12-16,667363,625342,1292705,24474
2024-12-17,611161,732668,1343829,50752
2024-12-18,472047,357121,829168,78903
2024-12-19,774708,825774,1600482,469386
2024-12-20,892044,838497,1730541,193280
2024-12-23,804375,838075,1642450,399952
2024-12-24,1254557,677005,1931562,26341
2024-12-26,925742,567794,1493536,173349
2024-12-27,1157939,1222005,2379944,782961
2024-12-30,1021359,1084156,2105515,392135
2024-12-31,930990,813957,1744947,544315
2025-01-02,1136829,934529,2071358,612806
2025-01-03,1061723,928336,1990059,233762
2025-01-06,1022186,800672,1822858,137077
2025-01-07,1285130,1271118,2556248,726989
2025-01-08,748028,1000729,1748757,263115
2025-01-10,1152319,1439987,2592306,825695
2025-01-13,985461,1121540,2107001,343492
2025-01-14,1044136,855010,1899146,713015
2025-01-15,1036922,996241,2033163,286604
2025-01-16,766649,940948,1707597,180107
2025-01-17,1019326,967127,1986453,86518
2025-01-21,892267,969264,1861531,313911
2025-01-22,741072,694850,1435922,122360
2025-01-23,577927,593272,1171199,24833
2025-01-24,672803,655280,1328083,110516
2025-01-27,787799,780913,1568712,246802
2025-01-28,895081,860435,1755516,70523
2025-01-29,507207,471116,978323,211674
2025-01-30,884974,752206,1637180,620933
2025-01-31,739519,734509,1474028,91797
2025-02-03,1181169,1175449,2356618,229453
2025-02-04,896529,683988,1580517,199481
2025-02-05,811321,688858,1500179,172924
2025-02-06,769090,736343,1505433,251492
2025-02-07,1095103,1028081,2123184,817545
2025-02-10,755588,779420,1535008,41815
2025-02-11,584936,612526,1197462,66521
2025-02-12,973193,882024,1855217,121003
2025-02-13,888682,746603,1635285,44762
2025-02-14,795767,720240,1516007,107257
2025-02-18,796983,644823,1441806,83868
2025-02-19,591848,507909,1099757,47171
2025-02-20,1156103,937118,2093221,617551
2025-02-21,979562,862765,1842327,316031
2025-02-24,974117,1209775,2183892,540508
2025-02-25,1038692,1178162,2216854,764611
2025-02-26,877211,714596,1591807,197304
2025-02-27,1001724,1313334,2315058,507494
2025-02-28,1136953,1024666,2161619,371005
2025-03-03,1067548,1029330,2096878,698692
2025-03-04,987032,1360514,2347546,748450
2025-03-05,845961,882285,1728246,603434
2025-03-06,1026038,1014709,2040747,406893
2025-03-07,1055145,1079173,2134318,816409
2025-03-10,1076770,1074302,2151072,831424
2025-03-11,1032814,1154706,2187520,917545
2025-03-12,1038415,1160467,2198882,924347
2025-03-13,873114,1094022,1967136,535722
2025-03-14,937075,1217638,2154713,260983
2025-03-17,1001583,1101495,2103078,441545
2025-03-18,917315,1037556,1954871,581674
2025-03-19,676583,701282,1377865,353325
2025-03-20,945601,1027957,1973558,257722
2025-03-21,973190,964042,1937232,323801
2025-03-24,853377,812842,1666219,106862
2025-03-25,818967,885720,1704687,157085
2025-03-26,814844,943365,1758209,272407
2025-03-27,926621,1040179,1966800,180821
2025-03-28,1017402,1267096,2284498,814602
2025-03-31,891517,1186139,2077656,398315
2025-04-01,1098397,1105953,2204350,243197
2025-04-02,758214,746013,1504227,288277
2025-04-03,905159,1107351,2012510,788488
2025-04-04,916790,1503407,2420197,771179
2025-04-07,759353,915591,1674944,433791
2025-04-08,868147,1003333,1871480,784622
2025-04-09,782141,906493,1688634,741306
2025-04-10,765472,896301,1661773,718110
2025-04-11,926181,961831,1888012,708771
2025-04-14,814334,872628,1686962,552245
2025-04-15,954278,1018411,1972689,554657
2025-04-16,699672,952333,1652005,337428
2025-04-17,892699,1261477,2154176,596597
2025-04-21,831506,1056310,1887816,642961
2025-04-22,1053866,899759,1953625,230183
2025-04-23,1128274,1041220,2169494,754284
2025-04-24,995150,1075364,2070514,263789
2025-04-25,1128826,1243220,2372046,654382
2025-04-28,994827,903239,1898066,549280
2025-04-29,1047059,922343,1969402,224699
2025-04-30,947180,1232733,2179913,293685
2025-05-01,977698,787328,1765026,199771
2025-05-02,1058641,1071975,2130616,247852
2025-05-05,910291,819540,1729831,181874
2025-05-06,959919,1018750,1978669,203932
2025-05-07,636378,599158,1235536,324818
2025-05-08,946827,766969,1713796,565745
2025-05-09,1089874,949300,2039174,605591
2025-05-12,1100357,906635,2006992,435318
2025-05-13,1169752,1041523,2211275,273662
2025-05-14,882229,748440,1630669,258194
2025-05-15,822312,751454,1573766,193786
2025-05-16,1000284,841424,1841708,284195
2025-05-19,1032760,894424,1927184,184601
2025-05-20,939880,708423,1648303,320063
2025-05-21,924886,698093,1622979,206307
2025-05-22,987816,899342,1887158,479858
2025-05-23,916810,839443,1756253,401706
2025-05-27,857295,683153,1540448,74699
2025-05-28,749773,610530,1360303,438512
2025-05-29,896512,754204,1650716,341853
2025-05-30,710116,742726,1452842,243465
2025-06-02,878758,838606,1717364,169980
2025-06-03,939201,622365,1561566,153344
2025-06-04,931236,805414,1736650,185103
2025-06-05,1054105,793110,1847215,195105
2025-06-06,905527,860826,1766353,227669
2025-06-09,707482,612256,1319738,135031
2025-06-10,647266,512223,1159489,107711
2025-06-11,942425,534982,1477407,172616
2025-06-12,754119,662908,1417027,135057
2025-06-13,1080342,981722,2062064,404344
2025-06-16,805687,951604,1757291,125036
2025-06-17,781856,701944,1483800,155135
2025-06-18,681242,575164,1256406,157662
2025-06-20,1197985,1017087,2215072,1042840
2025-06-23,881476,1014015,1895491,236786
2025-06-24,906483,930996,1837479,99068
2025-06-25,805844,772092,1577936,146111
2025-06-26,775923,778101,1554024,39126
2025-06-27,1088441,787915,1876356,169958
2025-06-30,633165,675173,1308338,149004
2025-07-01,894316,643607,1537923,205572
2025-07-02,871353,587764,1459117,24770
2025-07-03,1046973,834123,1881096,60377
2025-07-07,766844,711640,1478484,193811
2025-07-08,961628,974821,1936449,208645
2025-07-09,1107581,889268,1996849,589462
2025-07-10,900395,785515,1685910,45170
2025-07-11,956280,717188,1673468,176683
2025-07-14,876768,697665,1574433,79149
2025-07-15,1204708,992625,2197333,500956
2025-07-16,963943,983450,1947393,213406
2025-07-17,909733,653512,1563245,64065
2025-07-18,839224,967672,1806896,180363
2025-07-21,815489,821640,1637129,31435
2025-07-22,960152,1000457,1960609,99579
2025-07-23,729572,766430,1496002,62416
2025-07-24,798084,800518,1598602,60977
2025-07-25,742920,649885,1392805,77481
2025-07-28,875353,562675,1438028,78381
2025-07-29,720254,792437,1512691,68924
2025-07-30,467962,503979,971941,104673
2025-07-31,641048,888078,1529126,259588
2025-08-01,1097600,1193238,2290838,521401
2025-08-04,922229,877559,1799788,168285
2025-08-05,1101979,1151990,2253969,820940
2025-08-06,1005597,940578,1946175,55638
2025-08-07,1082312,991974,2074286,578522
2025-08-08,959495,792075,1751570,169176
2025-08-11,764973,734784,1499757,252532
2025-08-12,1134895,895671,2030566,120566
2025-08-13,938820,890384,1829204,359924
2025-08-14,894013,892549,1786562,103957
2025-08-15,818070,812640,1630710,320031
2025-08-18,876623,682794,1559417,131560
2025-08-19,949415,1009144,1958559,313232
2025-08-20,1021344,1279055,2300399,701820
2025-08-21,878394,1030069,1908463,152332
2025-08-22,1133189,1173514,2306703,138571
2025-08-25,779816,671317,1451133,97857
2025-08-26,888044,728971,1617015,108992
2025-08-27,535483,488578,1024061,99412
2025-08-28,848610,779164,1627774,95043
2025-08-29,1129115,1028547,2157662,493799
2025-09-02,916714,751220,1667934,298105
2025-09-03,960856,854168,1815024,46904
2025-09-04,843716,858407,1702123,65381
2025-09-05,1225521,1388164,2613685,978727
2025-09-08,899048,819832,1718880,38712
2025-09-09,886617,987664,1874281,133511
2025-09-10,831241,911201,1742442,75833
2025-09-11,845845,985509,1831354,59015
2025-09-12,693422,788870,1482292,42985
2025-09-15,775740,681612,1457352,33758
2025-09-16,706637,818941,1525578,165273
2025-09-17,323108,417714,740822,134446
2025-09-18,1013637,1081351,2094988,128825
2025-09-19,794153,732713,1526866,87326
2025-09-22,808820,710808,1519628,13256
2025-09-23,641610,712089,1353699,107964
2025-09-24,679007,870152,1549159,139513
2025-09-25,952619,1055498,2008117,169380
2025-09-26,1255413,1070173,2325586,693844
2025-09-29,775461,832057,1607518,112087
2025-09-30,786942,912751,1699693,132056
2025-10-01,893321,947963,1841284,52438
2025-10-02,926433,1110587,2037020,285107
2025-10-03,978005,963677,1941682,25893
2025-10-06,694435,808187,1502622,38421
2025-10-07,831563,1075864,1907427,156666
2025-10-08,872482,879878,1752360,26023
2025-10-09,945653,1255073,2200726,186424
2025-10-10,1115355,1135257,2250612,1064194
2025-10-13,778857,773341,1552198,405315
2025-10-14,927492,1105485,2032977,214107
2025-10-15,1200330,978453,2178783,221803
2025-10-16,1123396,1104328,2227724,331838
2025-10-17,1120897,1125435,2246332,756019
2025-10-20,693158,828659,1521817,43299
2025-10-21,1044286,1179347,2223633,90005
2025-10-22,932045,1223083,2155128,229207
2025-10-23,1120355,940177,2060532,178424
2025-10-24,1147499,1195299,2342798,149153
2025-10-27,860123,898024,1758147,46466
2025-10-28,908296,954453,1862749,87933
2025-10-29,452916,490946,943862,169568
2025-10-30,807253,975248,1782501,253648
2025-10-31,778592,918789,1697381,188978
2025-11-03,1165545,1061009,2226554,349727
2025-11-04,969654,1095065,2064719,214418
2025-11-05,1004858,872055,1876913,182253
2025-11-06,1290503,1230621,2521124,1018786
2025-11-07,1018234,1137649,2155883,591511
2025-11-10,1136103,967413,2103516,590577
2025-11-11,700831,799010,1499841,206999
2025-11-12,942242,1030621,1972863,372171
2025-11-13,1221053,1231030,2452083,877173
2025-11-14,1332275,1089199,2421474,281664
2025-11-17,1046880,851066,1897946,487078
2025-11-18,1252697,1201405,2454102,923311
2025-11-19,970536,959741,1930277,503252
2025-11-20,1035258,1228170,2263428,543769
2025-11-21,922297,1474589,2396886,593215
2025-11-24,1228713,1047616,2276329,151550
2025-11-25,1303290,1540209,2843499,201743
2025-11-26,1468322,1206252,2674574,100866
2025-11-28,858083,668488,1526571,116599
2025-12-01,1366222,1046714,2412936,257253
2025-12-02,1533639,1160731,2694370,132219
2025-12-03,1140085,963925,2104010,134785
2025-12-04,1297736,1083627,2381363,335352
2025-12-05,1187234,1360497,2547731,131438
2025-12-08,1106679,1024945,2131624,535690
2025-12-09,946386,928000,1874386,45356
2025-12-10,572246,655769,1228015,173422
2025-12-11,1284457,1159853,2444310,195669
2025-12-12,1428957,1342684,2771641,1147455
2025-12-15,1297417,1420442,2717859,543008
2025-12-16,1203835,1454345,2658180,390206
2025-12-17,1307199,1397438,2704637,1099490
2025-12-18,1137946,1380822,2518768,145864
2025-12-19,979720,1164762,2144482,198192
2025-12-22,923060,1020653,1943713,54912
2025-12-23,1185362,1061796,2247158,41708
2025-12-24,1021256,725571,1746827,7355
2025-12-26,1231570,938484,2170054,44069
2025-12-29,1031860,1106624,2138484,168658
2025-12-30,1051564,929637,1981201,41982
2025-12-31,889471,889347,1778818,341068
2026-01-02,1326387,1456940,2783327,945878
2026-01-05,914351,1017964,1932315,41964
2026-01-06,1145375,1353939,2499314,119410
2026-01-07,1176614,1097879,2274493,46619
2026-01-08,1005158,1162598,2167756,72101
2026-01-09,1372708,1392066,2764774,214775
2026-01-12,982598,1034821,2017419,38316
2026-01-13,1366287,1242994,2609281,318255
2026-01-14,1261617,1246183,2507800,831674
2026-01-15,1043347,1102907,2146254,130163
2026-01-16,1151157,1199017,2350174,208290
2026-01-20,1133909,1002984,2136893,297431
2026-01-21,1140123,963450,2103573,70349
2026-01-22,1313079,1140279,2453358,255536
2026-01-23,1104470,1065070,2169540,74133
2026-01-26,1094194,1132669,2226863,53092
2026-01-27,1143536,1200301,2343837,30219
2026-01-28,700446,711504,1411950,231424
2026-01-29,1244538,1350734,2595272,1074208
2026-01-30,976692,1001421,1978113,362487
2026-02-02,953331,1103919,2057250,142341
2026-02-03,1156277,1554092,2710369,435146
2026-02-04,855433,1223067,2078500,499903
2026-02-05,912164,1242243,2154407,628549
2026-02-06,1235944,1092728,2328672,411347
2026-02-09,1188207,828841,2017048,71436
2026-02-10,1322625,1083930,2406555,207646
2026-02-11,1338109,1554688,2892797,686272
2026-02-12,993558,1564911,2558469,799213
2026-02-13,1140566,1289322,2429888,434485
2026-02-17,1018568,1374220,2392788,495305
2026-02-18,1098679,953085,2051764,164067
2026-02-19,1069632,1125990,2195622,320807
2026-02-20,1401226,1361743,2762969,286543
2026-02-23,1069811,1403269,2473080,849377
2026-02-24,1361841,1308832,2670673,244771
2026-02-25,1044983,842877,1887860,207536
2026-02-26,1253990,1603294,2857284,664818
2026-02-27,1139292,1177985,2317277,338745
2026-03-02,1105432,1191880,2297312,270046
2026-03-03,1330373,1362313,2692686,835751
2026-03-04,1515914,1214741,2730655,291737
2026-03-05,1463908,1378697,2842605,611520
2026-03-06,1387567,1260687,2648254,431410
2026-03-09,1164861,1246012,2410873,332507
2026-03-10,1408415,1180903,2589318,193977
2026-03-11,1240868,1089258,2330126,447943
2026-03-12,1339462,1417786,2757248,765970
2026-03-13,1443307,1502890,2946197,1259561
2026-03-16,1202176,1278737,2480913,312963
2026-03-17,1123837,1234348,2358185,300471
2026-03-18,812353,1079354,1891707,350784
2026-03-19,1033368,1258754,2292122,353600
2026-03-20,1369117,1352504,2721621,556631
2026-03-23,1117782,1127581,2245363,327964
2026-03-24,1188931,1454400,2643331,323654
2026-03-25,1215914,1267880,2483794,450642
2026-03-26,1043094,1490481,2533575,492189
2026-03-27,1257503,1399995,2657498,546534
2026-03-30,1027903,1489696,2517599,279921
2026-03-31,1129422,1606212,2735634,616449
2026-04-01,1167395,1473840,2641235,247590
2026-04-02,1455834,2060542,3516376,464607
2026-04-06,993949,1206513,2200462,338613
2026-04-07,924683,1443536,2368219,600788
2026-04-08,1000934,1553223,2554157,458660
2026-04-09,894087,1284714,2178801,164971
2026-04-10,1031893,1320037,2351930,192556
2026-04-13,1106681,1443454,2550135,171763
2026-04-14,1401416,1256853,2658269,187427
2026-04-15,1542486,1051129,2593615,151238
2026-04-16,1030339,1420363,2450702,229246
2026-04-17,1881369,1472560,3353929,240873
2026-04-20,1171744,1536969,2708713,466706
2026-04-21,1367657,1449645,2817302,897369
2026-04-22,1189445,1147968,2337413,170962
2026-04-23,1073548,1159623,2233171,120942
2026-04-24,1038367,1267163,2305530,185323
2026-04-27,848069,1138732,1986801,123783
2026-04-28,1147873,1370034,2517907,321360
2026-04-29,528324,662485,1190809,121759
2026-04-30,1183726,1168197,2351923,222408
2026-05-01,1444457,1456156,2900613,263096
2026-05-04,974217,1112819,2087036,157886
2026-05-05,1170210,1137870,2308080,130519
2026-05-06,1259321,1133386,2392707,72826
2026-05-07,1142970,1097519,2240489,122185
2026-05-08,1160903,1009006,2169909,142068
2026-05-11,1016749,1123478,2140227,53101
2026-05-12,1039071,1606694,2645765,406666
2026-05-13,1091105,1275927,2367032,82398
2026-05-14,1557214,902141,2459355,100365
2026-05-15,1496388,1378013,2874401,564651
2026-05-18,1379794,1308710,2688504,433383
2026-05-19,1253715,1465100,2718815,558376
2026-05-20,1493524,957654,2451178,276061
2026-05-21,1341032,1194338,2535370,465264
2026-05-22,1357783,1027894,2385677,253598
2026-05-26,1023712,909732,1933444,114785
2026-05-27,1140079,1075724,2215803,246203
2026-05-28,1189171,1083868,2273039,102038
2026-05-29,1381065,1248602,2629667,360845
2026-06-01,932124,849415,1781539,157630
2026-06-02,1146021,803670,1949691,40235
2026-06-03,1041570,996211,2037781,163366
2026-06-04,1273355,1008349,2281704,118209
2026-06-05,1538960,1547144,3086104,502116
2026-06-08,1482281,1273147,2755428,267969
2026-06-09,2033145,2124046,4157191,1655531
2026-06-10,1625124,1656545,3281669,1280793
2026-06-11,1458765,1783931,3242696,1272335
2026-06-12,1851599,1537305,3388904,495907
2026-06-15,1545799,1272794,2818593,218190
2026-06-16,1552371,1648576,3200947,493467
2026-06-17,1012000,1181461,2193461,553045
2026-06-18,1387538,1622107,3009645,278780
2026-06-22,1562270,1564699,3126969,1054092
2026-06-23,1327425,1613987,2941412,508458
2026-06-24,1371722,1405908,2777630,177043
2026-06-25,1706275,1978277,3684552,587787
2026-06-26,1296969,1468385,2765354,316257
2026-06-29,1789014,1797370,3586384,301332
2026-06-30,1466038,1386558,2852596,278959
2026-07-01,1569898,1354496,2924394,195468
2026-07-02,2054155,1670684,3724839,829781
2026-07-06,1352690,1189733,2542423,92115
2026-07-07,1332606,1864820,3197426,744077
2026-07-08,1101539,1615201,2716740,566815
2026-07-09,1670980,1302554,2973534,172262
2026-07-10,1600776,1459178,3059954,266672
2026-07-13,1284759,1505787,2790546,172670
2026-07-14,1394303,1088943,2483246,145373
2026-07-15,1391996,1487842,2879838,193748
2026-07-16,1312195,1488308,2800503,161213
2026-07-17,1427605,1656102,3083707,478792
2026-07-20,1290160,1478004,2768164,719097
2026-07-21,1330536,1474347,2804883,84349
2026-07-22,1121247,1272151,2393398,221855
2026-07-23,1358642,1450056,2808698,878110
2026-07-24,1357275,1590221,2947496,155721
2026-07-27,1716104,1734098,3450202,881838
2026-07-28,1310526,1570942,2881468,277169
2026-07-29,827388,1024586,1851974,577460
2026-07-30,1364569,1487883,2852452,757747
2026-07-31,1792515,1904359,3696874,614054
2026-08-03,1582635,1339436,2922071,18819
2026-08-04,2177986,1191867,3369853,131745
2026-08-05,1611012,1550666,3161678,938350
2026-08-06,1446862,1401332,2848194,475635
2026-08-07,1564448,1269639,2834087,262835
2026-08-10,1350045,1166066,2516111,183827
2026-08-11,1051316,1036014,2087330,107986
