d,clock,callv,putv,totv
2023-01-03,12:00,1020333,1076163,2096496
2023-01-03,13:30,1270672,1293524,2564196
2023-01-04,12:00,822988,1015631,1838619
2023-01-04,13:30,1160619,1529762,2690381
2023-01-05,12:00,883185,1085920,1969105
2023-01-05,13:30,1198101,1391204,2589305
2023-01-06,12:00,1265107,1407805,2672912
2023-01-06,13:30,1573128,1774501,3347629
2023-01-09,12:00,1174157,1209866,2384023
2023-01-09,13:30,1592853,1665201,3258054
2023-01-10,12:00,1087811,1235670,2323481
2023-01-10,13:30,1386124,1498440,2884564
2023-01-11,12:00,937771,1280750,2218521
2023-01-11,13:30,1217424,1699151,2916575
2023-01-12,12:00,1296693,1185296,2481989
2023-01-12,13:30,1657539,1580453,3237992
2023-01-13,12:00,897107,1156847,2053954
2023-01-13,13:30,1182479,1449930,2632409
2023-01-17,12:00,1029356,954554,1983910
2023-01-17,13:30,1279517,1152931,2432448
2023-01-18,12:00,1357508,1353033,2710541
2023-01-18,13:30,1731435,1682639,3414074
2023-01-19,12:00,958087,1261977,2220064
2023-01-19,13:30,1372252,1655765,3028017
2023-01-20,12:00,1149146,1247729,2396875
2023-01-20,13:30,1505891,1722698,3228589
2023-01-23,12:00,1444362,1350819,2795181
2023-01-23,13:30,1816494,1764461,3580955
2023-01-24,12:00,1089052,1148170,2237222
2023-01-24,13:30,1371664,1439070,2810734
2023-01-25,12:00,1189950,1475273,2665223
2023-01-25,13:30,1717919,1863054,3580973
2023-01-26,12:00,1362876,1260509,2623385
2023-01-26,13:30,1692957,1533676,3226633
2023-01-27,12:00,1455995,1328375,2784370
2023-01-27,13:30,1738340,1655164,3393504
2023-01-30,12:00,1305120,1212611,2517731
2023-01-30,13:30,1716741,1520706,3237447
2023-01-31,12:00,1151293,1243716,2395009
2023-01-31,13:30,1417337,1537658,2954995
2023-02-01,12:00,607229,489268,1096497
2023-02-01,13:30,981865,785524,1767389
2023-02-02,12:00,1300719,1144697,2445416
2023-02-02,13:30,1734138,1535420,3269558
2023-02-03,12:00,1244187,1407298,2651485
2023-02-03,13:30,1683800,1964017,3647817
2023-02-06,12:00,1150775,1232322,2383097
2023-02-06,13:30,1448180,1554465,3002645
2023-02-07,12:00,959070,797996,1757066
2023-02-07,13:30,1645336,1594309,3239645
2023-02-08,12:00,1384434,1216220,2600654
2023-02-08,13:30,1766611,1564746,3331357
2023-02-09,12:00,1140925,1141641,2282566
2023-02-09,13:30,1501097,1560890,3061987
2023-02-10,12:00,1186880,1350596,2537476
2023-02-10,13:30,1480685,1751090,3231775
2023-02-13,12:00,945254,1306045,2251299
2023-02-13,13:30,1236139,1716967,2953106
2023-02-14,12:00,1324592,1399399,2723991
2023-02-14,13:30,1719411,1768550,3487961
2023-02-15,12:00,1118999,1042639,2161638
2023-02-15,13:30,1411500,1372352,2783852
2023-02-16,12:00,1214131,1067481,2281612
2023-02-16,13:30,1441501,1344760,2786261
2023-02-17,12:00,1438870,1529140,2968010
2023-02-17,13:30,1812795,1944978,3757773
2023-02-21,12:00,1238596,1198837,2437433
2023-02-21,13:30,1645031,1505754,3150785
2023-02-22,12:00,916422,902982,1819404
2023-02-22,13:30,1307239,1370091,2677330
2023-02-23,12:00,1133694,1087671,2221365
2023-02-23,13:30,1507390,1386823,2894213
2023-02-24,12:00,1192807,1308884,2501691
2023-02-24,13:30,1554112,1615945,3170057
2023-02-27,12:00,1112681,1177477,2290158
2023-02-27,13:30,1461815,1444643,2906458
2023-02-28,12:00,1168567,1151126,2319693
2023-02-28,13:30,1385193,1491484,2876677
2023-03-01,12:00,1246419,1287978,2534397
2023-03-01,13:30,1487787,1618127,3105914
2023-03-02,12:00,894337,1156469,2050806
2023-03-02,13:30,1273726,1733284,3007010
2023-03-03,12:00,1152047,1423441,2575488
2023-03-03,13:30,1470075,1847482,3317557
2023-03-06,12:00,1118829,1250869,2369698
2023-03-06,13:30,1463998,1614671,3078669
2023-03-07,12:00,1390423,1284312,2674735
2023-03-07,13:30,1797272,1598683,3395955
2023-03-08,12:00,979014,1254272,2233286
2023-03-08,13:30,1283474,1604624,2888098
2023-03-09,12:00,1181587,1261226,2442813
2023-03-09,13:30,1712087,1844457,3556544
2023-03-10,12:00,1512802,1893282,3406084
2023-03-10,13:30,2012002,2686338,4698340
2023-03-13,12:00,1354733,1661283,3016016
2023-03-13,13:30,1699903,2093909,3793812
2023-03-14,12:00,1059796,1407959,2467755
2023-03-14,13:30,1526695,2099957,3626652
2023-03-15,12:00,1179574,1294379,2473953
2023-03-15,13:30,1645592,1759252,3404844
2023-03-16,12:00,1239422,1673925,2913347
2023-03-16,13:30,1543561,2122189,3665750
2023-03-17,12:00,1635777,1483737,3119514
2023-03-17,13:30,2030676,1890939,3921615
2023-03-20,12:00,1036336,1203542,2239878
2023-03-20,13:30,1269468,1571584,2841052
2023-03-21,12:00,1013815,1206403,2220218
2023-03-21,13:30,1274816,1542907,2817723
2023-03-22,12:00,445127,438949,884076
2023-03-22,13:30,843144,761728,1604872
2023-03-23,12:00,905555,1501749,2407304
2023-03-23,13:30,1263745,2113278,3377023
2023-03-24,12:00,1265477,1491960,2757437
2023-03-24,13:30,1575276,1921339,3496615
2023-03-27,12:00,1094555,993417,2087972
2023-03-27,13:30,1502425,1279292,2781717
2023-03-28,12:00,858339,1025813,1884152
2023-03-28,13:30,1188334,1363284,2551618
2023-03-29,12:00,841408,1037012,1878420
2023-03-29,13:30,1102646,1383510,2486156
2023-03-30,12:00,922095,1221296,2143391
2023-03-30,13:30,1253634,1546932,2800566
2023-03-31,12:00,898540,1435895,2334435
2023-03-31,13:30,1151234,1850070,3001304
2023-04-03,12:00,908964,1149095,2058059
2023-04-03,13:30,1146047,1398082,2544129
2023-04-04,12:00,1116384,1295862,2412246
2023-04-04,13:30,1411340,1546389,2957729
2023-04-05,12:00,793660,1166182,1959842
2023-04-05,13:30,1026141,1468427,2494568
2023-04-06,12:00,1102628,1387835,2490463
2023-04-06,13:30,1392234,1687462,3079696
2023-04-10,12:00,1076621,976081,2052702
2023-04-10,13:30,1347523,1267369,2614892
2023-04-11,12:00,888991,826154,1715145
2023-04-11,13:30,1099605,1081144,2180749
2023-04-12,12:00,1236426,1024559,2260985
2023-04-12,13:30,1598196,1386156,2984352
2023-04-13,12:00,919661,1046727,1966388
2023-04-13,13:30,1297313,1483304,2780617
2023-04-14,12:00,1446153,1554779,3000932
2023-04-14,13:30,1917479,1950818,3868297
2023-04-17,12:00,916168,1052063,1968231
2023-04-17,13:30,1186760,1292120,2478880
2023-04-18,12:00,1175724,1159194,2334918
2023-04-18,13:30,1517702,1476905,2994607
2023-04-19,12:00,841200,941894,1783094
2023-04-19,13:30,1156346,1294925,2451271
2023-04-20,12:00,1075845,927408,2003253
2023-04-20,13:30,1401377,1321364,2722741
2023-04-21,12:00,1197923,1325011,2522934
2023-04-21,13:30,1512339,1682895,3195234
2023-04-24,12:00,1110818,1015050,2125868
2023-04-24,13:30,1399241,1254918,2654159
2023-04-25,12:00,1142143,1005528,2147671
2023-04-25,13:30,1583188,1478401,3061589
2023-04-26,12:00,1065358,1167358,2232716
2023-04-26,13:30,1387494,1589567,2977061
2023-04-27,12:00,878417,1085908,1964325
2023-04-27,13:30,1202479,1420199,2622678
2023-04-28,12:00,1386816,1456747,2843563
2023-04-28,13:30,1658283,1767919,3426202
2023-05-01,12:00,1025912,1070749,2096661
2023-05-01,13:30,1232492,1294979,2527471
2023-05-02,12:00,1632773,1535127,3167900
2023-05-02,13:30,2133358,1919994,4053352
2023-05-03,12:00,587094,581184,1168278
2023-05-03,13:30,899600,918407,1818007
2023-05-04,12:00,1039528,1164120,2203648
2023-05-04,13:30,1320742,1502805,2823547
2023-05-05,12:00,1060204,1079427,2139631
2023-05-05,13:30,1385236,1433089,2818325
2023-05-08,12:00,786922,992127,1779049
2023-05-08,13:30,1113602,1348460,2462062
2023-05-09,12:00,868044,886504,1754548
2023-05-09,13:30,1123366,1101457,2224823
2023-05-10,12:00,1407634,1167764,2575398
2023-05-10,13:30,1872536,1591798,3464334
2023-05-11,12:00,1068220,1113031,2181251
2023-05-11,13:30,1387589,1464004,2851593
2023-05-12,12:00,1238980,1242116,2481096
2023-05-12,13:30,1663087,1572852,3235939
2023-05-15,12:00,886437,1119448,2005885
2023-05-15,13:30,1255120,1500202,2755322
2023-05-16,12:00,952611,1114308,2066919
2023-05-16,13:30,1170396,1351782,2522178
2023-05-17,12:00,1112337,1258648,2370985
2023-05-17,13:30,1526857,1782971,3309828
2023-05-18,12:00,1362593,1441257,2803850
2023-05-18,13:30,1733640,1806501,3540141
2023-05-19,12:00,1285531,1598989,2884520
2023-05-19,13:30,1643726,1918112,3561838
2023-05-22,12:00,1011159,1309441,2320600
2023-05-22,13:30,1257520,1603068,2860588
2023-05-23,12:00,1115529,1277808,2393337
2023-05-23,13:30,1652829,1807921,3460750
2023-05-24,12:00,1071380,1156490,2227870
2023-05-24,13:30,1372096,1472438,2844534
2023-05-25,12:00,1064201,1099856,2164057
2023-05-25,13:30,1411429,1461591,2873020
2023-05-26,12:00,1316997,1390431,2707428
2023-05-26,13:30,1532986,1725138,3258124
2023-05-30,12:00,1055442,1172320,2227762
2023-05-30,13:30,1369180,1600733,2969913
2023-05-31,12:00,1016652,1301273,2317925
2023-05-31,13:30,1410478,1754713,3165191
2023-06-01,12:00,1364816,1210722,2575538
2023-06-01,13:30,1602898,1468028,3070926
2023-06-02,12:00,1653218,1394299,3047517
2023-06-02,13:30,2032132,1692705,3724837
2023-06-05,12:00,978157,991712,1969869
2023-06-05,13:30,1359560,1406797,2766357
2023-06-06,12:00,1171145,1327927,2499072
2023-06-06,13:30,1488595,1668690,3157285
2023-06-07,12:00,1297818,1333796,2631614
2023-06-07,13:30,1691878,1666540,3358418
2023-06-08,12:00,1061585,1142819,2204404
2023-06-08,13:30,1317632,1485772,2803404
2023-06-09,12:00,1390256,1297187,2687443
2023-06-09,13:30,1692751,1525217,3217968
2023-06-12,12:00,733667,907002,1640669
2023-06-12,13:30,926518,1176769,2103287
2023-06-13,12:00,1315628,1201013,2516641
2023-06-13,13:30,1663866,1560709,3224575
2023-06-14,12:00,507042,610163,1117205
2023-06-14,13:30,960953,1017925,1978878
2023-06-15,12:00,1094740,1426457,2521197
2023-06-15,13:30,1424990,1840142,3265132
2023-06-16,12:00,1387278,1154728,2542006
2023-06-16,13:30,1682545,1398930,3081475
2023-06-20,12:00,1068961,1094284,2163245
2023-06-20,13:30,1344792,1367440,2712232
2023-06-21,12:00,1081633,1069172,2150805
2023-06-21,13:30,1452026,1286164,2738190
2023-06-22,12:00,1047166,937658,1984824
2023-06-22,13:30,1322387,1238729,2561116
2023-06-23,12:00,1123415,1063440,2186855
2023-06-23,13:30,1382652,1324684,2707336
2023-06-26,12:00,1269820,1109686,2379506
2023-06-26,13:30,1538551,1338337,2876888
2023-06-27,12:00,1203592,1083748,2287340
2023-06-27,13:30,1555924,1432393,2988317
2023-06-28,12:00,1380452,1144137,2524589
2023-06-28,13:30,1684584,1362985,3047569
2023-06-29,12:00,1257178,953838,2211016
2023-06-29,13:30,1640030,1254420,2894450
2023-06-30,12:00,1208161,1130087,2338248
2023-06-30,13:30,1472677,1415474,2888151
2023-07-03,12:00,900514,649917,1550431
2023-07-03,13:30,924190,661239,1585429
2023-07-05,12:00,711912,720830,1432742
2023-07-05,13:30,965814,987751,1953565
2023-07-06,12:00,1312256,972360,2284616
2023-07-06,13:30,1612090,1231956,2844046
2023-07-07,12:00,1254506,890300,2144806
2023-07-07,13:30,1522309,1166161,2688470
2023-07-10,12:00,1198168,969928,2168096
2023-07-10,13:30,1477215,1218130,2695345
2023-07-11,12:00,1149165,897260,2046425
2023-07-11,13:30,1435075,1139806,2574881
2023-07-12,12:00,1283185,1020132,2303317
2023-07-12,13:30,1510322,1194931,2705253
2023-07-13,12:00,802367,710559,1512926
2023-07-13,13:30,1036761,956907,1993668
2023-07-14,12:00,1188413,869956,2058369
2023-07-14,13:30,1500988,1099852,2600840
2023-07-17,12:00,730072,777812,1507884
2023-07-17,13:30,948345,1027467,1975812
2023-07-18,12:00,946796,941707,1888503
2023-07-18,13:30,1258299,1223246,2481545
2023-07-19,12:00,1231879,825321,2057200
2023-07-19,13:30,1562936,1046097,2609033
2023-07-20,12:00,1083752,1132799,2216551
2023-07-20,13:30,1406807,1507687,2914494
2023-07-21,12:00,989350,1112167,2101517
2023-07-21,13:30,1252387,1439285,2691672
2023-07-24,12:00,864152,1069389,1933541
2023-07-24,13:30,1099124,1368794,2467918
2023-07-25,12:00,656208,740009,1396217
2023-07-25,13:30,882052,1020229,1902281
2023-07-26,12:00,433451,403627,837078
2023-07-26,13:30,628948,616683,1245631
2023-07-27,12:00,1071320,958459,2029779
2023-07-27,13:30,1618730,1551132,3169862
2023-07-28,12:00,1007512,1149081,2156593
2023-07-28,13:30,1400976,1795785,3196761
2023-07-31,12:00,860083,975941,1836024
2023-07-31,13:30,1154155,1284229,2438384
2023-08-01,12:00,891071,927445,1818516
2023-08-01,13:30,1120915,1183677,2304592
2023-08-02,12:00,1298324,1336552,2634876
2023-08-02,13:30,1579893,1581465,3161358
2023-08-03,12:00,863900,1118156,1982056
2023-08-03,13:30,1105025,1464103,2569128
2023-08-04,12:00,1107856,1199489,2307345
2023-08-04,13:30,1589730,1831409,3421139
2023-08-07,12:00,854420,1210776,2065196
2023-08-07,13:30,1089360,1535291,2624651
2023-08-08,12:00,1004176,1146146,2150322
2023-08-08,13:30,1323054,1458938,2781992
2023-08-09,12:00,1212267,1280197,2492464
2023-08-09,13:30,1736163,1635347,3371510
2023-08-10,12:00,1402505,1706667,3109172
2023-08-10,13:30,1878082,2151425,4029507
2023-08-11,12:00,1262019,1530270,2792289
2023-08-11,13:30,1594284,1926782,3521066
2023-08-14,12:00,1141456,1179144,2320600
2023-08-14,13:30,1381575,1518635,2900210
2023-08-15,12:00,1268184,1233134,2501318
2023-08-15,13:30,1542374,1485187,3027561
2023-08-16,12:00,1083084,1125212,2208296
2023-08-16,13:30,1629112,1574451,3203563
2023-08-17,12:00,1250070,1311158,2561228
2023-08-17,13:30,1625527,1746981,3372508
2023-08-18,12:00,1302574,1642243,2944817
2023-08-18,13:30,1601383,2071047,3672430
2023-08-21,12:00,1164975,1097203,2262178
2023-08-21,13:30,1516124,1452629,2968753
2023-08-22,12:00,1358188,1325661,2683849
2023-08-22,13:30,1726832,1677991,3404823
2023-08-23,12:00,808766,1050399,1859165
2023-08-23,13:30,1064843,1410615,2475458
2023-08-24,12:00,1225496,1457902,2683398
2023-08-24,13:30,1492590,1753084,3245674
2023-08-25,12:00,1225953,1673220,2899173
2023-08-25,13:30,1569774,2126688,3696462
2023-08-28,12:00,1020763,1589074,2609837
2023-08-28,13:30,1339431,2018236,3357667
2023-08-29,12:00,1318652,1750270,3068922
2023-08-29,13:30,1589209,2191703,3780912
2023-08-30,12:00,1294363,1295771,2590134
2023-08-30,13:30,1527536,1650012,3177548
2023-08-31,12:00,1161095,1189151,2350246
2023-08-31,13:30,1462689,1519074,2981763
2023-09-01,12:00,1299239,1429424,2728663
2023-09-01,13:30,1511995,1692067,3204062
2023-09-05,12:00,800630,1082085,1882715
2023-09-05,13:30,1017524,1322917,2340441
2023-09-06,12:00,1067607,1225298,2292905
2023-09-06,13:30,1384874,1517724,2902598
2023-09-07,12:00,990006,1209408,2199414
2023-09-07,13:30,1191206,1479002,2670208
2023-09-08,12:00,1123955,1099273,2223228
2023-09-08,13:30,1404213,1380735,2784948
2023-09-11,12:00,1023640,999911,2023551
2023-09-11,13:30,1274455,1247855,2522310
2023-09-12,12:00,974893,972773,1947666
2023-09-12,13:30,1320760,1354106,2674866
2023-09-13,12:00,1015822,1306923,2322745
2023-09-13,13:30,1209336,1557389,2766725
2023-09-14,12:00,993149,1404407,2397556
2023-09-14,13:30,1175895,1712089,2887984
2023-09-15,12:00,1294141,1142834,2436975
2023-09-15,13:30,1755856,1588614,3344470
2023-09-18,12:00,882132,1069604,1951736
2023-09-18,13:30,1067020,1324342,2391362
2023-09-19,12:00,990954,1091840,2082794
2023-09-19,13:30,1368167,1383083,2751250
2023-09-20,12:00,493879,574174,1068053
2023-09-20,13:30,850230,864874,1715104
2023-09-21,12:00,1177805,1189581,2367386
2023-09-21,13:30,1622672,1613973,3236645
2023-09-22,12:00,1081198,1457997,2539195
2023-09-22,13:30,1448891,2049759,3498650
2023-09-25,12:00,868220,1232942,2101162
2023-09-25,13:30,1089256,1560841,2650097
2023-09-26,12:00,1098993,1172222,2271215
2023-09-26,13:30,1542471,1566325,3108796
2023-09-27,12:00,1152130,1330415,2482545
2023-09-27,13:30,1562718,1816253,3378971
2023-09-28,12:00,1133537,1442192,2575729
2023-09-28,13:30,1414688,1812121,3226809
2023-09-29,12:00,1194917,1356349,2551266
2023-09-29,13:30,1615318,1843933,3459251
2023-10-02,12:00,1213854,1313726,2527580
2023-10-02,13:30,1589258,1682658,3271916
2023-10-03,12:00,1483470,1378937,2862407
2023-10-03,13:30,1828662,1747768,3576430
2023-10-04,12:00,1268779,1514245,2783024
2023-10-04,13:30,1604988,1930326,3535314
2023-10-05,12:00,1161553,1376934,2538487
2023-10-05,13:30,1553022,1771323,3324345
2023-10-06,12:00,1630607,2036371,3666978
2023-10-06,13:30,2031241,2497169,4528410
2023-10-09,12:00,808649,1060818,1869467
2023-10-09,13:30,1203303,1444751,2648054
2023-10-10,12:00,1372421,1225594,2598015
2023-10-10,13:30,1801226,1847885,3649111
2023-10-11,12:00,1064800,1157846,2222646
2023-10-11,13:30,1469276,1473274,2942550
2023-10-12,12:00,1189548,1119643,2309191
2023-10-12,13:30,1873603,1839075,3712678
2023-10-13,12:00,1266189,1514421,2780610
2023-10-13,13:30,1675716,1986118,3661834
2023-10-16,12:00,1062631,1442208,2504839
2023-10-16,13:30,1465453,1996418,3461871
2023-10-17,12:00,1344534,1501304,2845838
2023-10-17,13:30,1620868,2060359,3681227
2023-10-18,12:00,1310786,1497103,2807889
2023-10-18,13:30,1831192,1937831,3769023
2023-10-19,12:00,1175758,1487775,2663533
2023-10-19,13:30,1563448,2141082,3704530
2023-10-20,12:00,1412151,1823514,3235665
2023-10-20,13:30,1842620,2312754,4155374
2023-10-23,12:00,1330115,1553440,2883555
2023-10-23,13:30,1636008,2017504,3653512
2023-10-24,12:00,1260935,1329314,2590249
2023-10-24,13:30,1612661,1677133,3289794
2023-10-25,12:00,1267664,1174597,2442261
2023-10-25,13:30,1723457,1527747,3251204
2023-10-26,12:00,1332696,1475026,2807722
2023-10-26,13:30,1756307,1870385,3626692
2023-10-27,12:00,1285112,1403431,2688543
2023-10-27,13:30,1725802,1940200,3666002
2023-10-30,12:00,1075104,1509662,2584766
2023-10-30,13:30,1442906,1990907,3433813
2023-10-31,12:00,1138980,1573500,2712480
2023-10-31,13:30,1465906,2022241,3488147
2023-11-01,12:00,726835,871304,1598139
2023-11-01,13:30,1022339,1162364,2184703
2023-11-02,12:00,1115667,1273010,2388677
2023-11-02,13:30,1398805,1604864,3003669
2023-11-03,12:00,1363378,1269664,2633042
2023-11-03,13:30,1641995,1591526,3233521
2023-11-06,12:00,882918,1041554,1924472
2023-11-06,13:30,1157847,1420164,2578011
2023-11-07,12:00,1145120,1184178,2329298
2023-11-07,13:30,1406064,1447734,2853798
2023-11-08,12:00,1058369,1170052,2228421
2023-11-08,13:30,1398939,1483613,2882552
2023-11-09,12:00,902707,1080365,1983072
2023-11-09,13:30,1353885,1644248,2998133
2023-11-10,12:00,1060361,1765637,2825998
2023-11-10,13:30,1409785,2194231,3604016
2023-11-13,12:00,1262704,1218559,2481263
2023-11-13,13:30,1579072,1546261,3125333
2023-11-14,12:00,1313508,1294677,2608185
2023-11-14,13:30,1573821,1603937,3177758
2023-11-15,12:00,1083183,1099786,2182969
2023-11-15,13:30,1418193,1452396,2870589
2023-11-16,12:00,1038402,1186388,2224790
2023-11-16,13:30,1261301,1499570,2760871
2023-11-17,12:00,978986,975930,1954916
2023-11-17,13:30,1275894,1238794,2514688
2023-11-20,12:00,799333,847119,1646452
2023-11-20,13:30,1079882,1166965,2246847
2023-11-21,12:00,713187,762865,1476052
2023-11-21,13:30,954089,987570,1941659
2023-11-22,12:00,1099140,1069633,2168773
2023-11-22,13:30,1276551,1223456,2500007
2023-11-24,12:00,653271,676307,1329578
2023-11-24,13:30,673479,690888,1364367
2023-11-27,12:00,733469,866444,1599913
2023-11-27,13:30,911890,1070921,1982811
2023-11-28,12:00,936702,1100197,2036899
2023-11-28,13:30,1242330,1409991,2652321
2023-11-29,12:00,1259536,1090031,2349567
2023-11-29,13:30,1458004,1332867,2790871
2023-11-30,12:00,1081157,1216538,2297695
2023-11-30,13:30,1355612,1520506,2876118
2023-12-01,12:00,1138309,1160474,2298783
2023-12-01,13:30,1366873,1486800,2853673
2023-12-04,12:00,1195914,1067863,2263777
2023-12-04,13:30,1444120,1345259,2789379
2023-12-05,12:00,1275574,1026079,2301653
2023-12-05,13:30,1491419,1249930,2741349
2023-12-06,12:00,1261878,1069106,2330984
2023-12-06,13:30,1534915,1265886,2800801
2023-12-07,12:00,965782,1431050,2396832
2023-12-07,13:30,1150808,1770737,2921545
2023-12-08,12:00,1227055,1237783,2464838
2023-12-08,13:30,1453293,1493245,2946538
2023-12-11,12:00,854172,917933,1772105
2023-12-11,13:30,1078219,1207266,2285485
2023-12-12,12:00,926568,852216,1778784
2023-12-12,13:30,1113772,1042181,2155953
2023-12-13,12:00,435388,413738,849126
2023-12-13,13:30,823080,799359,1622439
2023-12-14,12:00,1122366,1060830,2183196
2023-12-14,13:30,1621565,1538281,3159846
2023-12-15,12:00,936306,944320,1880626
2023-12-15,13:30,1258065,1352206,2610271
2023-12-18,12:00,842420,828254,1670674
2023-12-18,13:30,1048324,1023029,2071353
2023-12-19,12:00,884968,869910,1754878
2023-12-19,13:30,1075213,1058432,2133645
2023-12-20,12:00,816875,699081,1515956
2023-12-20,13:30,1110640,982160,2092800
2023-12-21,12:00,1112732,1313993,2426725
2023-12-21,13:30,1398769,1692214,3090983
2023-12-22,12:00,1171924,1144065,2315989
2023-12-22,13:30,1510554,1668344,3178898
2023-12-26,12:00,671174,746118,1417292
2023-12-26,13:30,817094,968186,1785280
2023-12-27,12:00,793525,802527,1596052
2023-12-27,13:30,1223392,1231588,2454980
2023-12-28,12:00,707743,722932,1430675
2023-12-28,13:30,970152,1018552,1988704
2023-12-29,12:00,1062874,1064249,2127123
2023-12-29,13:30,1361447,1314364,2675811
2024-01-02,12:00,973340,915604,1888944
2024-01-02,13:30,1256250,1188562,2444812
2024-01-03,12:00,885316,1000961,1886277
2024-01-03,13:30,1249440,1394338,2643778
2024-01-04,12:00,964677,1184686,2149363
2024-01-04,13:30,1228149,1424067,2652216
2024-01-05,12:00,1115402,1361871,2477273
2024-01-05,13:30,1467392,1785774,3253166
2024-01-08,12:00,956153,1218666,2174819
2024-01-08,13:30,1275681,1660893,2936574
2024-01-09,12:00,1276261,932240,2208501
2024-01-09,13:30,1717517,1340331,3057848
2024-01-10,12:00,1053497,937858,1991355
2024-01-10,13:30,1554505,1288041,2842546
2024-01-11,12:00,1415895,1398443,2814338
2024-01-11,13:30,1932751,1754570,3687321
2024-01-12,12:00,1342829,1530409,2873238
2024-01-12,13:30,1668610,1849721,3518331
2024-01-16,12:00,1345096,1352459,2697555
2024-01-16,13:30,1823111,1686684,3509795
2024-01-17,12:00,1307638,1229597,2537235
2024-01-17,13:30,1751535,1649163,3400698
2024-01-18,12:00,1263974,1392608,2656582
2024-01-18,13:30,1810765,1887315,3698080
2024-01-19,12:00,1541271,1358938,2900209
2024-01-19,13:30,2082586,1942269,4024855
2024-01-22,12:00,1024034,1231325,2255359
2024-01-22,13:30,1404293,1571402,2975695
2024-01-23,12:00,1030228,984101,2014329
2024-01-23,13:30,1307904,1198103,2506007
2024-01-24,12:00,1204252,1019383,2223635
2024-01-24,13:30,1685047,1548126,3233173
2024-01-25,12:00,1166884,1273136,2440020
2024-01-25,13:30,1551491,1664617,3216108
2024-01-26,12:00,1236714,1294041,2530755
2024-01-26,13:30,1570543,1614505,3185048
2024-01-29,12:00,928766,1114316,2043082
2024-01-29,13:30,1178876,1420513,2599389
2024-01-30,12:00,834098,1040841,1874939
2024-01-30,13:30,1135298,1309105,2444403
2024-01-31,12:00,863248,667629,1530877
2024-01-31,13:30,1265757,960679,2226436
2024-02-01,12:00,1228057,1397327,2625384
2024-02-01,13:30,1510257,1755370,3265627
2024-02-02,12:00,1681513,1606479,3287992
2024-02-02,13:30,2051570,2045141,4096711
2024-02-05,12:00,1311221,1180110,2491331
2024-02-05,13:30,1610443,1454047,3064490
2024-02-06,12:00,1405633,1157974,2563607
2024-02-06,13:30,1855318,1493793,3349111
2024-02-07,12:00,1187113,1297836,2484949
2024-02-07,13:30,1489480,1663728,3153208
2024-02-08,12:00,898094,902509,1800603
2024-02-08,13:30,1200744,1151586,2352330
2024-02-09,12:00,1131079,850819,1981898
2024-02-09,13:30,1378421,1100254,2478675
2024-02-12,12:00,895063,937687,1832750
2024-02-12,13:30,1391032,1492821,2883853
2024-02-13,12:00,1320481,1202129,2522610
2024-02-13,13:30,1717940,1683626,3401566
2024-02-14,12:00,1312697,1301402,2614099
2024-02-14,13:30,1768349,1762737,3531086
2024-02-15,12:00,1056300,1183807,2240107
2024-02-15,13:30,1532161,1558478,3090639
2024-02-16,12:00,1221181,1292960,2514141
2024-02-16,13:30,1653014,1697551,3350565
2024-02-20,12:00,1415396,1321483,2736879
2024-02-20,13:30,1795759,1668881,3464640
2024-02-21,12:00,805374,793037,1598411
2024-02-21,13:30,1104539,1140737,2245276
2024-02-22,12:00,1197144,1210396,2407540
2024-02-22,13:30,1592277,1628662,3220939
2024-02-23,12:00,1395832,1482307,2878139
2024-02-23,13:30,1732092,1803039,3535131
2024-02-26,12:00,793771,990271,1784042
2024-02-26,13:30,1207278,1461683,2668961
2024-02-27,12:00,922544,1193262,2115806
2024-02-27,13:30,1280939,1559766,2840705
2024-02-28,12:00,934557,1026441,1960998
2024-02-28,13:30,1253541,1355242,2608783
2024-02-29,12:00,1176272,1129764,2306036
2024-02-29,13:30,1458177,1433342,2891519
2024-03-01,12:00,1166991,1221019,2388010
2024-03-01,13:30,1572879,1651827,3224706
2024-03-04,12:00,799491,831574,1631065
2024-03-04,13:30,1038391,1070029,2108420
2024-03-05,12:00,1404769,1413539,2818308
2024-03-05,13:30,1819687,1806206,3625893
2024-03-06,12:00,1257614,1294189,2551803
2024-03-06,13:30,1766750,1924467,3691217
2024-03-07,12:00,1069969,1255025,2324994
2024-03-07,13:30,1446987,1679999,3126986
2024-03-08,12:00,1933373,1792578,3725951
2024-03-08,13:30,2552910,2239186,4792096
2024-03-11,12:00,1154051,1407030,2561081
2024-03-11,13:30,1517248,1793032,3310280
2024-03-12,12:00,1369266,1757077,3126343
2024-03-12,13:30,1746236,2134507,3880743
2024-03-13,12:00,1027281,1085007,2112288
2024-03-13,13:30,1445508,1423446,2868954
2024-03-14,12:00,1240279,1370579,2610858
2024-03-14,13:30,1661857,1769184,3431041
2024-03-15,12:00,1374048,1318462,2692510
2024-03-15,13:30,1815903,1643539,3459442
2024-03-18,12:00,856951,1156514,2013465
2024-03-18,13:30,1113971,1478123,2592094
2024-03-19,12:00,1051911,1459020,2510931
2024-03-19,13:30,1324028,1854819,3178847
2024-03-20,12:00,453809,431848,885657
2024-03-20,13:30,812256,863683,1675939
2024-03-21,12:00,920047,1042821,1962868
2024-03-21,13:30,1183400,1475948,2659348
2024-03-22,12:00,807671,1057512,1865183
2024-03-22,13:30,1155172,1354786,2509958
2024-03-25,12:00,745859,814048,1559907
2024-03-25,13:30,906585,989468,1896053
2024-03-26,12:00,678327,608996,1287323
2024-03-26,13:30,876841,771310,1648151
2024-03-27,12:00,780476,886932,1667408
2024-03-27,13:30,978144,1120539,2098683
2024-03-28,12:00,642755,679551,1322306
2024-03-28,13:30,810721,872176,1682897
2024-04-01,12:00,1058123,955439,2013562
2024-04-01,13:30,1351693,1162601,2514294
2024-04-02,12:00,1095068,936361,2031429
2024-04-02,13:30,1311695,1118773,2430468
2024-04-03,12:00,905060,1021568,1926628
2024-04-03,13:30,1071135,1191792,2262927
2024-04-04,12:00,760055,844909,1604964
2024-04-04,13:30,1329940,1613349,2943289
2024-04-05,12:00,1265667,1394722,2660389
2024-04-05,13:30,1612542,2424538,4037080
2024-04-08,12:00,956386,1152971,2109357
2024-04-08,13:30,1135377,1376203,2511580
2024-04-09,12:00,1328216,1338993,2667209
2024-04-09,13:30,1584858,1706156,3291014
2024-04-10,12:00,1065158,1082384,2147542
2024-04-10,13:30,1633180,1678454,3311634
2024-04-11,12:00,1212042,1251098,2463140
2024-04-11,13:30,1830960,1859687,3690647
2024-04-12,12:00,1409985,1396769,2806754
2024-04-12,13:30,2040324,1828447,3868771
2024-04-15,12:00,1170290,1400203,2570493
2024-04-15,13:30,1835240,2099551,3934791
2024-04-16,12:00,997198,1166996,2164194
2024-04-16,13:30,1563056,1771989,3335045
2024-04-17,12:00,1202346,1515358,2717704
2024-04-17,13:30,1598485,1897891,3496376
2024-04-18,12:00,1149203,1531278,2680481
2024-04-18,13:30,1615457,2121846,3737303
2024-04-19,12:00,1404254,1957885,3362139
2024-04-19,13:30,1882509,2531359,4413868
2024-04-22,12:00,1188022,1430374,2618396
2024-04-22,13:30,1793488,2031695,3825183
2024-04-23,12:00,1289022,1483882,2772904
2024-04-23,13:30,1562795,1922609,3485404
2024-04-24,12:00,1317006,1419671,2736677
2024-04-24,13:30,1742348,1829222,3571570
2024-04-25,12:00,1353620,1380653,2734273
2024-04-25,13:30,1770940,1884130,3655070
2024-04-26,12:00,1282884,1335285,2618169
2024-04-26,13:30,1571036,1746743,3317779
2024-04-29,12:00,1229108,1191451,2420559
2024-04-29,13:30,1533404,1523386,3056790
2024-04-30,12:00,1288054,1503814,2791868
2024-04-30,13:30,1712709,1831728,3544437
2024-05-01,12:00,684089,921549,1605638
2024-05-01,13:30,1075857,1332998,2408855
2024-05-02,12:00,1187979,1368167,2556146
2024-05-02,13:30,1610039,1761531,3371570
2024-05-03,12:00,1484694,1752203,3236897
2024-05-03,13:30,1819318,2111775,3931093
2024-05-06,12:00,861773,1106207,1967980
2024-05-06,13:30,1175764,1520760,2696524
2024-05-07,12:00,888556,1147598,2036154
2024-05-07,13:30,1253090,1618509,2871599
2024-05-08,12:00,894597,1041097,1935694
2024-05-08,13:30,1210593,1367289,2577882
2024-05-09,12:00,1107605,1175022,2282627
2024-05-09,13:30,1385387,1474992,2860379
2024-05-10,12:00,1305153,1284549,2589702
2024-05-10,13:30,1613811,1566234,3180045
2024-05-13,12:00,769304,865762,1635066
2024-05-13,13:30,1062015,1193243,2255258
2024-05-14,12:00,861130,1097172,1958302
2024-05-14,13:30,1151867,1426700,2578567
2024-05-15,12:00,1053399,1118156,2171555
2024-05-15,13:30,1367608,1467708,2835316
2024-05-16,12:00,946361,922757,1869118
2024-05-16,13:30,1250802,1362020,2612822
2024-05-17,12:00,734430,974599,1709029
2024-05-17,13:30,990177,1346479,2336656
2024-05-20,12:00,767430,974881,1742311
2024-05-20,13:30,1040213,1375825,2416038
2024-05-21,12:00,830447,776898,1607345
2024-05-21,13:30,1092576,1039691,2132267
2024-05-22,12:00,361106,369752,730858
2024-05-22,13:30,589198,721778,1310976
2024-05-23,12:00,1215441,1133213,2348654
2024-05-23,13:30,1743049,1761351,3504400
2024-05-24,12:00,984158,1178344,2162502
2024-05-24,13:30,1194722,1508786,2703508
2024-05-28,12:00,766826,840975,1607801
2024-05-28,13:30,1072851,1253951,2326802
2024-05-29,12:00,956124,918286,1874410
2024-05-29,13:30,1184081,1206550,2390631
2024-05-30,12:00,1006209,1024838,2031047
2024-05-30,13:30,1290889,1364390,2655279
2024-05-31,12:00,1445084,1289168,2734252
2024-05-31,13:30,1849062,1609881,3458943
2024-06-03,12:00,1199399,1603062,2802461
2024-06-03,13:30,1713871,1971356,3685227
2024-06-04,12:00,1144876,1388142,2533018
2024-06-04,13:30,1679473,1775864,3455337
2024-06-05,12:00,1203580,1265645,2469225
2024-06-05,13:30,1447497,1654652,3102149
2024-06-06,12:00,796270,1218009,2014279
2024-06-06,13:30,1192911,1647650,2840561
2024-06-07,12:00,1180066,1258746,2438812
2024-06-07,13:30,1564730,1760927,3325657
2024-06-10,12:00,824731,775909,1600640
2024-06-10,13:30,1153275,1218464,2371739
2024-06-11,12:00,1050613,991446,2042059
2024-06-11,13:30,1543396,1372609,2916005
2024-06-12,12:00,710239,733363,1443602
2024-06-12,13:30,978886,1072874,2051760
2024-06-13,12:00,1072186,1179813,2251999
2024-06-13,13:30,1393586,1431830,2825416
2024-06-14,12:00,1029429,1247163,2276592
2024-06-14,13:30,1306772,1541327,2848099
2024-06-17,12:00,1149052,1157540,2306592
2024-06-17,13:30,1621852,1638421,3260273
2024-06-18,12:00,1058620,1014827,2073447
2024-06-18,13:30,1480881,1375828,2856709
2024-06-20,12:00,1101931,1326625,2428556
2024-06-20,13:30,1508901,1706585,3215486
2024-06-21,12:00,1074062,1165610,2239672
2024-06-21,13:30,1425572,1577610,3003182
2024-06-24,12:00,1147540,1113697,2261237
2024-06-24,13:30,1533185,1496548,3029733
2024-06-25,12:00,1100259,1090713,2190972
2024-06-25,13:30,1468791,1362105,2830896
2024-06-26,12:00,1260657,1010039,2270696
2024-06-26,13:30,1553561,1209189,2762750
2024-06-27,12:00,1039006,1090459,2129465
2024-06-27,13:30,1376173,1393924,2770097
2024-06-28,12:00,1356544,1473712,2830256
2024-06-28,13:30,1707971,1787406,3495377
2024-07-01,12:00,1110831,1294616,2405447
2024-07-01,13:30,1401188,1692050,3093238
2024-07-02,12:00,1043465,1120179,2163644
2024-07-02,13:30,1429171,1497091,2926262
2024-07-03,12:00,1185350,1271358,2456708
2024-07-03,13:30,1213956,1293820,2507776
2024-07-05,12:00,1028021,1030187,2058208
2024-07-05,13:30,1320376,1320063,2640439
2024-07-08,12:00,977388,986597,1963985
2024-07-08,13:30,1201309,1191868,2393177
2024-07-09,12:00,899982,1010779,1910761
2024-07-09,13:30,1208172,1333026,2541198
2024-07-10,12:00,1025287,955790,1981077
2024-07-10,13:30,1272268,1254996,2527264
2024-07-11,12:00,1376786,1550963,2927749
2024-07-11,13:30,1744076,1840417,3584493
2024-07-12,12:00,1457458,1142523,2599981
2024-07-12,13:30,1977122,1554810,3531932
2024-07-15,12:00,1392748,1324140,2716888
2024-07-15,13:30,1914379,1923365,3837744
2024-07-16,12:00,1496788,1598576,3095364
2024-07-16,13:30,1862236,1997945,3860181
2024-07-17,12:00,1428813,1218900,2647713
2024-07-17,13:30,1971200,1497698,3468898
2024-07-18,12:00,1787092,1563184,3350276
2024-07-18,13:30,2271787,1972756,4244543
2024-07-19,12:00,1521962,1471100,2993062
2024-07-19,13:30,2175948,1865689,4041637
2024-07-22,12:00,1429869,1318957,2748826
2024-07-22,13:30,1778749,1651640,3430389
2024-07-23,12:00,1312212,1299134,2611346
2024-07-23,13:30,1773803,1593317,3367120
2024-07-24,12:00,1746872,1593541,3340413
2024-07-24,13:30,2230024,1854547,4084571
2024-07-25,12:00,1948871,1643661,3592532
2024-07-25,13:30,2475518,2210763,4686281
2024-07-26,12:00,1685791,1440785,3126576
2024-07-26,13:30,2045148,2022165,4067313
2024-07-29,12:00,1749916,1596827,3346743
2024-07-29,13:30,2032382,2048574,4080956
2024-07-30,12:00,1507143,1689312,3196455
2024-07-30,13:30,2101064,2154961,4256025
2024-07-31,12:00,998042,1085320,2083362
2024-07-31,13:30,1302208,1503653,2805861
2024-08-01,12:00,1913659,1913386,3827045
2024-08-01,13:30,2457970,2413997,4871967
2024-08-02,12:00,1390593,1707304,3097897
2024-08-02,13:30,1688872,2023884,3712756
2024-08-05,12:00,847383,1024777,1872160
2024-08-05,13:30,1061785,1352316,2414101
2024-08-06,12:00,1267660,1245552,2513212
2024-08-06,13:30,1515754,1555150,3070904
2024-08-07,12:00,1371823,1683425,3055248
2024-08-07,13:30,1986962,2384729,4371691
2024-08-08,12:00,1233417,1420145,2653562
2024-08-08,13:30,1661559,1933871,3595430
2024-08-09,12:00,1247172,1386331,2633503
2024-08-09,13:30,1681584,1873424,3555008
2024-08-12,12:00,1309806,1519159,2828965
2024-08-12,13:30,1623954,1924789,3548743
2024-08-13,12:00,1342537,1418057,2760594
2024-08-13,13:30,1590841,1834260,3425101
2024-08-14,12:00,1513455,1335936,2849391
2024-08-14,13:30,1782846,1570083,3352929
2024-08-15,12:00,1277678,1324393,2602071
2024-08-15,13:30,1564020,1640584,3204604
2024-08-16,12:00,1288453,1121640,2410093
2024-08-16,13:30,1584847,1482977,3067824
2024-08-19,12:00,1197877,1038820,2236697
2024-08-19,13:30,1464973,1293347,2758320
2024-08-20,12:00,1383230,1260508,2643738
2024-08-20,13:30,1789609,1521840,3311449
2024-08-21,12:00,1370206,1170624,2540830
2024-08-21,13:30,1707214,1415723,3122937
2024-08-22,12:00,1730396,1523240,3253636
2024-08-22,13:30,2258784,1980603,4239387
2024-08-23,12:00,1796914,1851988,3648902
2024-08-23,13:30,2078425,2123164,4201589
2024-08-26,12:00,1330918,1201274,2532192
2024-08-26,13:30,1801225,1622104,3423329
2024-08-27,12:00,1375162,1356608,2731770
2024-08-27,13:30,1662925,1635088,3298013
2024-08-28,12:00,814838,738483,1553321
2024-08-28,13:30,1099388,1016699,2116087
2024-08-29,12:00,1162082,1060838,2222920
2024-08-29,13:30,1428182,1432662,2860844
2024-08-30,12:00,1309401,1338274,2647675
2024-08-30,13:30,1599538,1599283,3198821
2024-09-03,12:00,1578534,1223256,2801790
2024-09-03,13:30,2062924,1635829,3698753
2024-09-04,12:00,1376634,1396708,2773342
2024-09-04,13:30,1684590,1817942,3502532
2024-09-05,12:00,1478359,1589568,3067927
2024-09-05,13:30,1878691,2009834,3888525
2024-09-06,12:00,1563637,1826673,3390310
2024-09-06,13:30,1975616,2113284,4088900
2024-09-09,12:00,1103295,1495248,2598543
2024-09-09,13:30,1327999,2031908,3359907
2024-09-10,12:00,1257993,1638249,2896242
2024-09-10,13:30,1621825,1993843,3615668
2024-09-11,12:00,2076420,1601475,3677895
2024-09-11,13:30,2644935,2051137,4696072
2024-09-12,12:00,1599286,1701816,3301102
2024-09-12,13:30,2188222,2164031,4352253
2024-09-13,12:00,1496582,1447662,2944244
2024-09-13,13:30,1902164,1875240,3777404
2024-09-16,12:00,1195401,1395623,2591024
2024-09-16,13:30,1492049,1660413,3152462
2024-09-17,12:00,1457219,1643584,3100803
2024-09-17,13:30,1915544,1971587,3887131
2024-09-18,12:00,466651,609475,1076126
2024-09-18,13:30,908235,1059883,1968118
2024-09-19,12:00,1153425,1566978,2720403
2024-09-19,13:30,1507347,2098926,3606273
2024-09-20,12:00,1353712,1260454,2614166
2024-09-20,13:30,1701615,1680645,3382260
2024-09-23,12:00,1155165,1293896,2449061
2024-09-23,13:30,1519527,1623223,3142750
2024-09-24,12:00,1321724,1309652,2631376
2024-09-24,13:30,1547951,1624606,3172557
2024-09-25,12:00,980137,1123851,2103988
2024-09-25,13:30,1430507,1450372,2880879
2024-09-26,12:00,1295592,1324181,2619773
2024-09-26,13:30,1759719,1617693,3377412
2024-09-27,12:00,962252,1373724,2335976
2024-09-27,13:30,1360719,1738671,3099390
2024-09-30,12:00,758048,1100405,1858453
2024-09-30,13:30,1226918,1670014,2896932
2024-10-01,12:00,1839555,1532212,3371767
2024-10-01,13:30,2374659,1931186,4305845
2024-10-02,12:00,1209336,1495947,2705283
2024-10-02,13:30,1565030,1905205,3470235
2024-10-03,12:00,1430909,1519104,2950013
2024-10-03,13:30,1866417,1810702,3677119
2024-10-04,12:00,1490082,1571124,3061206
2024-10-04,13:30,1815117,1972967,3788084
2024-10-07,12:00,964022,1230073,2194095
2024-10-07,13:30,1402290,1640115,3042405
2024-10-08,12:00,1009310,1340801,2350111
2024-10-08,13:30,1273936,1782725,3056661
2024-10-09,12:00,1100327,1431790,2532117
2024-10-09,13:30,1368659,1859277,3227936
2024-10-10,12:00,1106478,1245557,2352035
2024-10-10,13:30,1409447,1610610,3020057
2024-10-11,12:00,1142981,1436337,2579318
2024-10-11,13:30,1462939,1730586,3193525
2024-10-14,12:00,854664,903935,1758599
2024-10-14,13:30,1008384,1137444,2145828
2024-10-15,12:00,1105620,1361640,2467260
2024-10-15,13:30,1471057,1717591,3188648
2024-10-16,12:00,1055263,987648,2042911
2024-10-16,13:30,1374658,1257221,2631879
2024-10-17,12:00,1111946,973220,2085166
2024-10-17,13:30,1451643,1282190,2733833
2024-10-18,12:00,1054224,961601,2015825
2024-10-18,13:30,1315534,1297374,2612908
2024-10-21,12:00,1187247,1247624,2434871
2024-10-21,13:30,1445020,1497251,2942271
2024-10-22,12:00,1010816,992833,2003649
2024-10-22,13:30,1428483,1353922,2782405
2024-10-23,12:00,1464603,1174183,2638786
2024-10-23,13:30,2091343,1687435,3778778
2024-10-24,12:00,1338624,1020396,2359020
2024-10-24,13:30,1677223,1295632,2972855
2024-10-25,12:00,1144563,1208167,2352730
2024-10-25,13:30,1825722,1871511,3697233
2024-10-28,12:00,831790,1235278,2067068
2024-10-28,13:30,1087702,1534704,2622406
2024-10-29,12:00,1075109,1112837,2187946
2024-10-29,13:30,1302044,1390433,2692477
2024-10-30,12:00,1002014,1157849,2159863
2024-10-30,13:30,1389427,1558135,2947562
2024-10-31,12:00,1512695,1201207,2713902
2024-10-31,13:30,1922570,1499898,3422468
2024-11-01,12:00,1414579,1526270,2940849
2024-11-01,13:30,1870234,2074969,3945203
2024-11-04,12:00,1359821,1447035,2806856
2024-11-04,13:30,1680115,1880577,3560692
2024-11-05,12:00,1441385,1560215,3001600
2024-11-05,13:30,1794422,2116364,3910786
2024-11-06,12:00,1136100,1246424,2382524
2024-11-06,13:30,1480744,1586696,3067440
2024-11-07,12:00,828514,743602,1572116
2024-11-07,13:30,1133368,1089651,2223019
2024-11-08,12:00,1161172,1035512,2196684
2024-11-08,13:30,1516960,1334539,2851499
2024-11-11,12:00,840200,901044,1741244
2024-11-11,13:30,1177630,1236722,2414352
2024-11-12,12:00,1145319,1333065,2478384
2024-11-12,13:30,1723293,1753570,3476863
2024-11-13,12:00,1398934,1388176,2787110
2024-11-13,13:30,1687939,1786924,3474863
2024-11-14,12:00,1299095,1413089,2712184
2024-11-14,13:30,1617752,1729857,3347609
2024-11-15,12:00,1862353,1877329,3739682
2024-11-15,13:30,2428011,2282284,4710295
2024-11-18,12:00,1385888,1136636,2522524
2024-11-18,13:30,1724831,1487113,3211944
2024-11-19,12:00,1492333,1513619,3005952
2024-11-19,13:30,1934912,2025586,3960498
2024-11-20,12:00,1302267,1213594,2515861
2024-11-20,13:30,1524615,1409941,2934556
2024-11-21,12:00,1597040,1517423,3114463
2024-11-21,13:30,1955892,1948210,3904102
2024-11-22,12:00,1581084,1456517,3037601
2024-11-22,13:30,2046047,1911262,3957309
2024-11-25,12:00,1813463,1644642,3458105
2024-11-25,13:30,2351094,1941253,4292347
2024-11-26,12:00,1246538,1549076,2795614
2024-11-26,13:30,1608381,2056514,3664895
2024-11-27,12:00,1302832,1420901,2723733
2024-11-27,13:30,1606634,1648482,3255116
2024-11-29,12:00,1209146,1345290,2554436
2024-11-29,13:30,1233272,1371062,2604334
2024-12-02,12:00,1115898,1146177,2262075
2024-12-02,13:30,1333424,1438198,2771622
2024-12-03,12:00,997276,1235539,2232815
2024-12-03,13:30,1209226,1478221,2687447
2024-12-04,12:00,790294,1006324,1796618
2024-12-04,13:30,1085608,1397497,2483105
2024-12-05,12:00,923795,960699,1884494
2024-12-05,13:30,1282491,1320444,2602935
2024-12-06,12:00,953925,1077460,2031385
2024-12-06,13:30,1297648,1362581,2660229
2024-12-09,12:00,1042761,1165900,2208661
2024-12-09,13:30,1345303,1413242,2758545
2024-12-10,12:00,1031411,1012892,2044303
2024-12-10,13:30,1322481,1302271,2624752
2024-12-11,12:00,1019835,1141616,2161451
2024-12-11,13:30,1207001,1445378,2652379
2024-12-12,12:00,1035188,1276801,2311989
2024-12-12,13:30,1322687,1604409,2927096
2024-12-13,12:00,1467063,1428555,2895618
2024-12-13,13:30,1763722,1703865,3467587
2024-12-16,12:00,1032450,982534,2014984
2024-12-16,13:30,1261325,1206106,2467431
2024-12-17,12:00,1130208,1186752,2316960
2024-12-17,13:30,1356185,1443446,2799631
2024-12-18,12:00,771764,720499,1492263
2024-12-18,13:30,1289630,1257081,2546711
2024-12-19,12:00,1260805,1413573,2674378
2024-12-19,13:30,1582567,1784021,3366588
2024-12-20,12:00,1862788,1679992,3542780
2024-12-20,13:30,2249155,2196375,4445530
2024-12-23,12:00,1457224,1337142,2794366
2024-12-23,13:30,1825978,1666423,3492401
2024-12-24,12:00,1973364,1208517,3181881
2024-12-24,13:30,1989192,1220298,3209490
2024-12-26,12:00,1552156,1035821,2587977
2024-12-26,13:30,1909102,1311855,3220957
2024-12-27,12:00,1949389,1917832,3867221
2024-12-27,13:30,2395093,2255676,4650769
2024-12-30,12:00,1945348,1701436,3646784
2024-12-30,13:30,2429883,2155102,4584985
2024-12-31,12:00,1656401,1563376,3219777
2024-12-31,13:30,2112458,1958323,4070781
2025-01-02,12:00,1946097,1707147,3653244
2025-01-02,13:30,2497792,2130832,4628624
2025-01-03,12:00,1664466,1601879,3266345
2025-01-03,13:30,2025498,2024222,4049720
2025-01-06,12:00,1615242,1542248,3157490
2025-01-06,13:30,2154520,2244790,4399310
2025-01-07,12:00,2041321,2025915,4067236
2025-01-07,13:30,2449468,2452386,4901854
2025-01-08,12:00,1492730,1789908,3282638
2025-01-08,13:30,2127316,2477910,4605226
2025-01-10,12:00,1984724,2173971,4158695
2025-01-10,13:30,2654374,2861128,5515502
2025-01-13,12:00,1809795,1955140,3764935
2025-01-13,13:30,2289326,2608715,4898041
2025-01-14,12:00,1935611,1503400,3439011
2025-01-14,13:30,2499147,1916910,4416057
2025-01-15,12:00,1703885,1785842,3489727
2025-01-15,13:30,2076436,2160077,4236513
2025-01-16,12:00,1418680,1606661,3025341
2025-01-16,13:30,1953698,2109926,4063624
2025-01-17,12:00,1600043,1639648,3239691
2025-01-17,13:30,1984023,2144779,4128802
2025-01-21,12:00,1413811,1548117,2961928
2025-01-21,13:30,1705773,1997048,3702821
2025-01-22,12:00,1130927,1221877,2352804
2025-01-22,13:30,1432412,1624957,3057369
2025-01-23,12:00,1115012,1170813,2285825
2025-01-23,13:30,1428244,1557404,2985648
2025-01-24,12:00,1290027,1196814,2486841
2025-01-24,13:30,1760605,1696652,3457257
2025-01-27,12:00,1377410,1365885,2743295
2025-01-27,13:30,1790552,1747050,3537602
2025-01-28,12:00,1510891,1489404,3000295
2025-01-28,13:30,1859426,1858520,3717946
2025-01-29,12:00,843408,764661,1608069
2025-01-29,13:30,1361631,1314949,2676580
2025-01-30,12:00,1468665,1250423,2719088
2025-01-30,13:30,1742686,1519902,3262588
2025-01-31,12:00,1300823,1379801,2680624
2025-01-31,13:30,1955924,2208952,4164876
2025-02-03,12:00,1831963,1983874,3815837
2025-02-03,13:30,2206247,2412419,4618666
2025-02-04,12:00,1446733,1369178,2815911
2025-02-04,13:30,1716818,1668680,3385498
2025-02-05,12:00,1475429,1278292,2753721
2025-02-05,13:30,1812892,1679404,3492296
2025-02-06,12:00,1164549,1108559,2273108
2025-02-06,13:30,1454496,1408837,2863333
2025-02-07,12:00,1908328,1678909,3587237
2025-02-07,13:30,2373955,2050436,4424391
2025-02-10,12:00,1318362,1444087,2762449
2025-02-10,13:30,1582214,1787082,3369296
2025-02-11,12:00,1003845,1222812,2226657
2025-02-11,13:30,1345297,1591329,2936626
2025-02-12,12:00,1682789,1577741,3260530
2025-02-12,13:30,1971361,1886813,3858174
2025-02-13,12:00,1229988,1387380,2617368
2025-02-13,13:30,1684534,1945841,3630375
2025-02-14,12:00,1388479,1309525,2698004
2025-02-14,13:30,1714882,1653765,3368647
2025-02-18,12:00,1284098,1063166,2347264
2025-02-18,13:30,1781882,1512142,3294024
2025-02-19,12:00,1091141,936634,2027775
2025-02-19,13:30,1492776,1335384,2828160
2025-02-20,12:00,1822792,1346171,3168963
2025-02-20,13:30,2198748,1571343,3770091
2025-02-21,12:00,1798587,1448106,3246693
2025-02-21,13:30,2544685,2211504,4756189
2025-02-24,12:00,1766584,1844284,3610868
2025-02-24,13:30,2099235,2212709,4311944
2025-02-25,12:00,1820025,1826202,3646227
2025-02-25,13:30,2308207,2293014,4601221
2025-02-26,12:00,1561007,1496432,3057439
2025-02-26,13:30,2059275,2128585,4187860
2025-02-27,12:00,1748945,2058184,3807129
2025-02-27,13:30,2149599,2524839,4674438
2025-02-28,12:00,1822570,2182100,4004670
2025-02-28,13:30,2271316,2930886,5202202
2025-03-03,12:00,1659797,1610977,3270774
2025-03-03,13:30,2322456,2310461,4632917
2025-03-04,12:00,2051953,2338615,4390568
2025-03-04,13:30,2874389,2984252,5858641
2025-03-05,12:00,1792058,1732996,3525054
2025-03-05,13:30,2549276,2606024,5155300
2025-03-06,12:00,2056171,2164560,4220731
2025-03-06,13:30,2617543,2654750,5272293
2025-03-07,12:00,2184965,2158810,4343775
2025-03-07,13:30,2941961,2829384,5771345
2025-03-10,12:00,2129382,1781637,3911019
2025-03-10,13:30,2900771,2352224,5252995
2025-03-11,12:00,1868529,1974929,3843458
2025-03-11,13:30,2580158,2643729,5223887
2025-03-12,12:00,2155756,2179701,4335457
2025-03-12,13:30,2700797,2811199,5511996
2025-03-13,12:00,1853343,2027023,3880366
2025-03-13,13:30,2569992,2605672,5175664
2025-03-14,12:00,1663796,2248168,3911964
2025-03-14,13:30,2065382,2945253,5010635
2025-03-17,12:00,1693274,1912012,3605286
2025-03-17,13:30,2381457,2560053,4941510
2025-03-18,12:00,1767717,1693438,3461155
2025-03-18,13:30,2286311,2086622,4372933
2025-03-19,12:00,1217346,1285229,2502575
2025-03-19,13:30,1718590,1868861,3587451
2025-03-20,12:00,1658385,1993595,3651980
2025-03-20,13:30,2256158,2584686,4840844
2025-03-21,12:00,1933351,1825735,3759086
2025-03-21,13:30,2377771,2372269,4750040
2025-03-24,12:00,1345810,1564641,2910451
2025-03-24,13:30,1730621,2013558,3744179
2025-03-25,12:00,1420568,1532206,2952774
2025-03-25,13:30,1922069,2003494,3925563
2025-03-26,12:00,1712140,1799584,3511724
2025-03-26,13:30,2294756,2324948,4619704
2025-03-27,12:00,1588254,1986206,3574460
2025-03-27,13:30,2030306,2509070,4539376
2025-03-28,12:00,1878942,1939906,3818848
2025-03-28,13:30,2413216,2385636,4798852
2025-03-31,12:00,1667235,2027585,3694820
2025-03-31,13:30,2263733,2695625,4959358
2025-04-01,12:00,1962518,2031383,3993901
2025-04-01,13:30,2362028,2693735,5055763
2025-04-02,12:00,1476645,1520856,2997501
2025-04-02,13:30,1846614,2143465,3990079
2025-04-03,12:00,1785108,1807459,3592567
2025-04-03,13:30,2210451,2432604,4643055
2025-04-04,12:00,1708068,2378853,4086921
2025-04-04,13:30,2262761,2975550,5238311
2025-04-07,12:00,1240064,1476035,2716099
2025-04-07,13:30,1652017,1963546,3615563
2025-04-08,12:00,1705023,2197248,3902271
2025-04-08,13:30,2344136,2950467,5294603
2025-04-09,12:00,1307087,1544174,2851261
2025-04-09,13:30,2376843,2460962,4837805
2025-04-10,12:00,1858140,2256226,4114366
2025-04-10,13:30,2582072,2956749,5538821
2025-04-11,12:00,1746075,1954026,3700101
2025-04-11,13:30,2378812,2652731,5031543
2025-04-14,12:00,1683631,1937718,3621349
2025-04-14,13:30,2208179,2371513,4579692
2025-04-15,12:00,1515123,1763888,3279011
2025-04-15,13:30,2044682,2415563,4460245
2025-04-16,12:00,1348802,1655171,3003973
2025-04-16,13:30,2028114,2595330,4623444
2025-04-17,12:00,1914932,2443142,4358074
2025-04-17,13:30,2560235,3131341,5691576
2025-04-21,12:00,1613907,1964430,3578337
2025-04-21,13:30,2150760,2586816,4737576
2025-04-22,12:00,1978415,1906778,3885193
2025-04-22,13:30,2630435,2764803,5395238
2025-04-23,12:00,1970486,2303653,4274139
2025-04-23,13:30,2512386,2972056,5484442
2025-04-24,12:00,1647953,1969770,3617723
2025-04-24,13:30,2007043,2527055,4534098
2025-04-25,12:00,1881437,1890580,3772017
2025-04-25,13:30,2706055,2638340,5344395
2025-04-28,12:00,1776492,1841651,3618143
2025-04-28,13:30,2317609,2338779,4656388
2025-04-29,12:00,1819267,1795871,3615138
2025-04-29,13:30,2563347,2409206,4972553
2025-04-30,12:00,1791027,2120399,3911426
2025-04-30,13:30,2415895,2683147,5099042
2025-05-01,12:00,1737674,1603533,3341207
2025-05-01,13:30,2241142,1993635,4234777
2025-05-02,12:00,1839613,1836542,3676155
2025-05-02,13:30,2269583,2299466,4569049
2025-05-05,12:00,1573837,1434009,3007846
2025-05-05,13:30,1934376,1812645,3747021
2025-05-06,12:00,1847433,1923348,3770781
2025-05-06,13:30,2351967,2392234,4744201
2025-05-07,12:00,1193987,1144401,2338388
2025-05-07,13:30,1730962,1848370,3579332
2025-05-08,12:00,2068581,1626685,3695266
2025-05-08,13:30,2498211,2178280,4676491
2025-05-09,12:00,1798643,1578028,3376671
2025-05-09,13:30,2307559,1965754,4273313
2025-05-12,12:00,1741811,1476410,3218221
2025-05-12,13:30,2184445,2019568,4204013
2025-05-13,12:00,1915314,1744648,3659962
2025-05-13,13:30,2380838,2245559,4626397
2025-05-14,12:00,1577325,1426926,3004251
2025-05-14,13:30,2122547,1965744,4088291
2025-05-15,12:00,1751872,1631267,3383139
2025-05-15,13:30,2281382,2239929,4521311
2025-05-16,12:00,1630646,1409073,3039719
2025-05-16,13:30,2088580,1897859,3986439
2025-05-19,12:00,1699295,1414188,3113483
2025-05-19,13:30,2259127,1938006,4197133
2025-05-20,12:00,1594632,1135755,2730387
2025-05-20,13:30,2160384,1637677,3798061
2025-05-21,12:00,1616195,1254248,2870443
2025-05-21,13:30,2659485,2403887,5063372
2025-05-22,12:00,1717848,1613870,3331718
2025-05-22,13:30,2278197,2116903,4395100
2025-05-23,12:00,1519995,1426283,2946278
2025-05-23,13:30,2014202,2125000,4139202
2025-05-27,12:00,1467383,1306311,2773694
2025-05-27,13:30,1817197,1795673,3612870
2025-05-28,12:00,1312149,938425,2250574
2025-05-28,13:30,1774922,1167931,2942853
2025-05-29,12:00,1682167,1360430,3042597
2025-05-29,13:30,2106555,1741731,3848286
2025-05-30,12:00,1490276,1670072,3160348
2025-05-30,13:30,2072889,2170048,4242937
2025-06-02,12:00,1378809,1331563,2710372
2025-06-02,13:30,1865892,1754963,3620855
2025-06-03,12:00,1657148,1290076,2947224
2025-06-03,13:30,2125254,1966112,4091366
2025-06-04,12:00,1580624,1392857,2973481
2025-06-04,13:30,1952888,1717053,3669941
2025-06-05,12:00,1776457,1488240,3264697
2025-06-05,13:30,2293857,1947523,4241380
2025-06-06,12:00,1630699,1702198,3332897
2025-06-06,13:30,2130649,2175493,4306142
2025-06-09,12:00,1320979,1106372,2427351
2025-06-09,13:30,1663040,1461633,3124673
2025-06-10,12:00,1296465,1127219,2423684
2025-06-10,13:30,1760231,1584238,3344469
2025-06-11,12:00,1770900,1239233,3010133
2025-06-11,13:30,2532440,1859298,4391738
2025-06-12,12:00,1334519,1362415,2696934
2025-06-12,13:30,1609285,1762524,3371809
2025-06-13,12:00,1789965,1746083,3536048
2025-06-13,13:30,2305884,2393500,4699384
2025-06-16,12:00,1274524,1608964,2883488
2025-06-16,13:30,1707445,2084844,3792289
2025-06-17,12:00,1377277,1466349,2843626
2025-06-17,13:30,2009434,2212281,4221715
2025-06-18,12:00,1109079,1184523,2293602
2025-06-18,13:30,1614850,1820189,3435039
2025-06-20,12:00,2001129,1659727,3660856
2025-06-20,13:30,2558859,2197247,4756106
2025-06-23,12:00,1727166,2226337,3953503
2025-06-23,13:30,2352402,2976405,5328807
2025-06-24,12:00,1550516,1681179,3231695
2025-06-24,13:30,1947711,2211416,4159127
2025-06-25,12:00,1457210,1360342,2817552
2025-06-25,13:30,1958298,1788120,3746418
2025-06-26,12:00,1266021,1370184,2636205
2025-06-26,13:30,1698822,1834564,3533386
2025-06-27,12:00,1603076,1332090,2935166
2025-06-27,13:30,2223162,2090430,4313592
2025-06-30,12:00,1208712,1143633,2352345
2025-06-30,13:30,1587694,1563346,3151040
2025-07-01,12:00,1635586,1297763,2933349
2025-07-01,13:30,1998290,1627466,3625756
2025-07-02,12:00,1369481,1141420,2510901
2025-07-02,13:30,1607944,1465456,3073400
2025-07-03,12:00,1639543,1681990,3321533
2025-07-03,13:30,1666229,1728771,3395000
2025-07-07,12:00,1603430,1476184,3079614
2025-07-07,13:30,2159529,1947570,4107099
2025-07-08,12:00,1595914,1626739,3222653
2025-07-08,13:30,1995860,2024979,4020839
2025-07-09,12:00,1798089,1392809,3190898
2025-07-09,13:30,2199528,1747832,3947360
2025-07-10,12:00,1322104,1339599,2661703
2025-07-10,13:30,1673848,1769746,3443594
2025-07-11,12:00,1516148,1261285,2777433
2025-07-11,13:30,1796192,1590047,3386239
2025-07-14,12:00,1388114,1211757,2599871
2025-07-14,13:30,1698293,1625090,3323383
2025-07-15,12:00,2067294,1548238,3615532
2025-07-15,13:30,2550870,1912803,4463673
2025-07-16,12:00,2061043,2133053,4194096
2025-07-16,13:30,2440720,2587603,5028323
2025-07-17,12:00,1459738,1265218,2724956
2025-07-17,13:30,1756390,1575379,3331769
2025-07-18,12:00,1565636,1652856,3218492
2025-07-18,13:30,1967975,2012320,3980295
2025-07-21,12:00,1258795,1390220,2649015
2025-07-21,13:30,1436459,1675540,3111999
2025-07-22,12:00,1467245,1533941,3001186
2025-07-22,13:30,1917118,1986675,3903793
2025-07-23,12:00,1398948,1305972,2704920
2025-07-23,13:30,1838761,1739132,3577893
2025-07-24,12:00,1283608,1377827,2661435
2025-07-24,13:30,1671726,1769083,3440809
2025-07-25,12:00,1225223,1246087,2471310
2025-07-25,13:30,1474881,1679037,3153918
2025-07-28,12:00,1471288,1052631,2523919
2025-07-28,13:30,1987908,1477190,3465098
2025-07-29,12:00,1504949,1512002,3016951
2025-07-29,13:30,1937501,1877824,3815325
2025-07-30,12:00,786794,843308,1630102
2025-07-30,13:30,1086315,1220892,2307207
2025-07-31,12:00,1207857,1451848,2659705
2025-07-31,13:30,1772151,2140102,3912253
2025-08-01,12:00,1778914,1984636,3763550
2025-08-01,13:30,2302042,2504360,4806402
2025-08-04,12:00,1420603,1495413,2916016
2025-08-04,13:30,1660608,1886100,3546708
2025-08-05,12:00,1920083,1789221,3709304
2025-08-05,13:30,2322960,2207707,4530667
2025-08-06,12:00,1576049,1728020,3304069
2025-08-06,13:30,1815704,2112084,3927788
2025-08-07,12:00,2074880,1578136,3653016
2025-08-07,13:30,2638459,1984559,4623018
2025-08-08,12:00,1514798,1553377,3068175
2025-08-08,13:30,1811119,1952196,3763315
2025-08-11,12:00,1444154,1398160,2842314
2025-08-11,13:30,1888001,1775794,3663795
2025-08-12,12:00,1653774,1507319,3161093
2025-08-12,13:30,1988734,1960212,3948946
2025-08-13,12:00,1614273,1405020,3019293
2025-08-13,13:30,2059238,1716196,3775434
2025-08-14,12:00,1472247,1645519,3117766
2025-08-14,13:30,1830218,2090047,3920265
2025-08-15,12:00,1506351,1384699,2891050
2025-08-15,13:30,1920634,1695007,3615641
2025-08-18,12:00,1334317,1118592,2452909
2025-08-18,13:30,1673179,1409500,3082679
2025-08-19,12:00,1741283,1621202,3362485
2025-08-19,13:30,2254660,2027890,4282550
2025-08-20,12:00,1871072,2093129,3964201
2025-08-20,13:30,2335397,2604980,4940377
2025-08-21,12:00,1629935,1721290,3351225
2025-08-21,13:30,2135668,2177292,4312960
2025-08-22,12:00,1698958,1970708,3669666
2025-08-22,13:30,2076895,2470382,4547277
2025-08-25,12:00,1356377,1142492,2498869
2025-08-25,13:30,1748970,1645285,3394255
2025-08-26,12:00,1322916,1201062,2523978
2025-08-26,13:30,1709422,1601153,3310575
2025-08-27,12:00,886768,894472,1781240
2025-08-27,13:30,1063471,1116694,2180165
2025-08-28,12:00,1367831,1295613,2663444
2025-08-28,13:30,1578587,1589358,3167945
2025-08-29,12:00,1772594,1411860,3184454
2025-08-29,13:30,2180528,1704242,3884770
2025-09-02,12:00,1603232,1271801,2875033
2025-09-02,13:30,2037640,1605246,3642886
2025-09-03,12:00,1683004,1567948,3250952
2025-09-03,13:30,2222511,1990777,4213288
2025-09-04,12:00,1303396,1430089,2733485
2025-09-04,13:30,1615544,1858903,3474447
2025-09-05,12:00,2177269,1985902,4163171
2025-09-05,13:30,2712084,2330646,5042730
2025-09-08,12:00,1522793,1492255,3015048
2025-09-08,13:30,1982672,1896732,3879404
2025-09-09,12:00,1380613,1495105,2875718
2025-09-09,13:30,1759455,1887742,3647197
2025-09-10,12:00,1433881,1622270,3056151
2025-09-10,13:30,1882804,2082984,3965788
2025-09-11,12:00,1267486,1665984,2933470
2025-09-11,13:30,1524080,2080470,3604550
2025-09-12,12:00,1182982,1359152,2542134
2025-09-12,13:30,1420779,1672191,3092970
2025-09-15,12:00,1171156,1253800,2424956
2025-09-15,13:30,1527042,1671159,3198201
2025-09-16,12:00,1266332,1259489,2525821
2025-09-16,13:30,1614745,1561667,3176412
2025-09-17,12:00,555986,646798,1202784
2025-09-17,13:30,1136629,1153846,2290475
2025-09-18,12:00,1626648,1607042,3233690
2025-09-18,13:30,1957168,2003161,3960329
2025-09-19,12:00,1452367,1444557,2896924
2025-09-19,13:30,1684159,1844900,3529059
2025-09-22,12:00,1362559,1418051,2780610
2025-09-22,13:30,1611622,1835542,3447164
2025-09-23,12:00,1316801,1401447,2718248
2025-09-23,13:30,2042373,2109603,4151976
2025-09-24,12:00,1549566,1802603,3352169
2025-09-24,13:30,1989945,2197660,4187605
2025-09-25,12:00,1563065,1707361,3270426
2025-09-25,13:30,2164472,2390793,4555265
2025-09-26,12:00,1981333,1683243,3664576
2025-09-26,13:30,2336753,2179363,4516116
2025-09-29,12:00,1474438,1584247,3058685
2025-09-29,13:30,1988046,1937886,3925932
2025-09-30,12:00,1450816,1628725,3079541
2025-09-30,13:30,1951933,2093810,4045743
2025-10-01,12:00,1442217,1651866,3094083
2025-10-01,13:30,1943348,2236698,4180046
2025-10-02,12:00,1599887,1632361,3232248
2025-10-02,13:30,2083087,1909749,3992836
2025-10-03,12:00,1501007,1589427,3090434
2025-10-03,13:30,2270593,2734689,5005282
2025-10-06,12:00,1320921,1404797,2725718
2025-10-06,13:30,1735807,1888671,3624478
2025-10-07,12:00,2001890,2190964,4192854
2025-10-07,13:30,2518637,2593444,5112081
2025-10-08,12:00,1367476,1523605,2891081
2025-10-08,13:30,1614465,1973746,3588211
2025-10-09,12:00,1651198,1953000,3604198
2025-10-09,13:30,2148130,2375425,4523555
2025-10-10,12:00,2679828,2625989,5305817
2025-10-10,13:30,3312883,3199805,6512688
2025-10-13,12:00,1367811,1427422,2795233
2025-10-13,13:30,1726822,1889169,3615991
2025-10-14,12:00,1967601,2055405,4023006
2025-10-14,13:30,2472574,2576599,5049173
2025-10-15,12:00,2261629,2341738,4603367
2025-10-15,13:30,3146399,3216224,6362623
2025-10-16,12:00,2393563,2553469,4947032
2025-10-16,13:30,3148258,3308507,6456765
2025-10-17,12:00,2001390,2174886,4176276
2025-10-17,13:30,2620370,2880143,5500513
2025-10-20,12:00,1039098,1626529,2665627
2025-10-20,13:30,1401379,2111682,3513061
2025-10-21,12:00,1790233,2036972,3827205
2025-10-21,13:30,2289257,2699054,4988311
2025-10-22,12:00,2106333,2475465,4581798
2025-10-22,13:30,2618460,2895512,5513972
2025-10-23,12:00,1898116,1742609,3640725
2025-10-23,13:30,2422358,2434826,4857184
2025-10-24,12:00,1857733,2138174,3995907
2025-10-24,13:30,2232175,2533514,4765689
2025-10-27,12:00,1316377,1518424,2834801
2025-10-27,13:30,1558899,2028964,3587863
2025-10-28,12:00,1837301,1690511,3527812
2025-10-28,13:30,2341544,2230510,4572054
2025-10-29,12:00,697332,759675,1457007
2025-10-29,13:30,967652,1059929,2027581
2025-10-30,12:00,1300639,1557340,2857979
2025-10-30,13:30,1650449,1978122,3628571
2025-10-31,12:00,1555213,1877589,3432802
2025-10-31,13:30,2101652,2435974,4537626
2025-11-03,12:00,1910128,1720755,3630883
2025-11-03,13:30,2262419,2193185,4455604
2025-11-04,12:00,1655657,1943385,3599042
2025-11-04,13:30,2182691,2412288,4594979
2025-11-05,12:00,1754332,1686889,3441221
2025-11-05,13:30,2119640,2078803,4198443
2025-11-06,12:00,2315849,1970268,4286117
2025-11-06,13:30,3015199,2449478,5464677
2025-11-07,12:00,2041500,1949120,3990620
2025-11-07,13:30,2671695,2432180,5103875
2025-11-10,12:00,2159264,1816343,3975607
2025-11-10,13:30,2643863,2351593,4995456
2025-11-11,12:00,1620228,1426206,3046434
2025-11-11,13:30,2189286,1879146,4068432
2025-11-12,12:00,1953558,1703388,3656946
2025-11-12,13:30,2508086,2065851,4573937
2025-11-13,12:00,2362574,1878646,4241220
2025-11-13,13:30,3195094,2456264,5651358
2025-11-14,12:00,2224822,1970111,4194933
2025-11-14,13:30,2746381,2682657,5429038
2025-11-17,12:00,1963369,1810790,3774159
2025-11-17,13:30,2728314,2424831,5153145
2025-11-18,12:00,2550468,2243367,4793835
2025-11-18,13:30,3138380,2891628,6030008
2025-11-19,12:00,1909223,1763347,3672570
2025-11-19,13:30,2460318,2195365,4655683
2025-11-20,12:00,2658220,3172195,5830415
2025-11-20,13:30,3495453,3814930,7310383
2025-11-21,12:00,1950337,2609046,4559383
2025-11-21,13:30,2697538,3575555,6273093
2025-11-24,12:00,2055583,2149647,4205230
2025-11-24,13:30,2438450,2800117,5238567
2025-11-25,12:00,2424945,2368031,4792976
2025-11-25,13:30,2801130,2946713,5747843
2025-11-26,12:00,2481897,2085705,4567602
2025-11-26,13:30,3152967,2861680,6014647
2025-11-28,12:00,1776831,1487874,3264705
2025-11-28,13:30,1804071,1504257,3308328
2025-12-01,12:00,2239808,1722025,3961833
2025-12-01,13:30,2729595,2312646,5042241
2025-12-02,12:00,2778485,2302469,5080954
2025-12-02,13:30,3359152,2752312,6111464
2025-12-03,12:00,2029521,1909432,3938953
2025-12-03,13:30,2414056,2446460,4860516
2025-12-04,12:00,2211467,1752373,3963840
2025-12-04,13:30,2961684,2366439,5328123
2025-12-05,12:00,2288292,2325193,4613485
2025-12-05,13:30,2868859,2816342,5685201
2025-12-08,12:00,2280925,1694387,3975312
2025-12-08,13:30,3098129,2212917,5311046
2025-12-09,12:00,1906536,1881005,3787541
2025-12-09,13:30,2404455,2401434,4805889
2025-12-10,12:00,951047,1058198,2009245
2025-12-10,13:30,1417754,1622158,3039912
2025-12-11,12:00,2150425,1879555,4029980
2025-12-11,13:30,2550193,2306241,4856434
2025-12-12,12:00,2702607,2180787,4883394
2025-12-12,13:30,3330578,2684999,6015577
2025-12-15,12:00,2284887,2218363,4503250
2025-12-15,13:30,2801017,2644379,5445396
2025-12-16,12:00,2161965,2369050,4531015
2025-12-16,13:30,2914312,3012330,5926642
2025-12-17,12:00,2571288,2181109,4752397
2025-12-17,13:30,3266343,2594031,5860374
2025-12-18,12:00,2127617,2828784,4956401
2025-12-18,13:30,2633400,3615812,6249212
2025-12-19,12:00,1657403,2210945,3868348
2025-12-19,13:30,2033528,2868497,4902025
2025-12-22,12:00,1698233,1809285,3507518
2025-12-22,13:30,2082876,2311068,4393944
2025-12-23,12:00,1687696,1757865,3445561
2025-12-23,13:30,1992394,2215187,4207581
2025-12-24,12:00,1760130,1335963,3096093
2025-12-24,13:30,1776330,1359529,3135859
2025-12-26,12:00,1978161,1556514,3534675
2025-12-26,13:30,2423152,1882313,4305465
2025-12-29,12:00,1691344,1798404,3489748
2025-12-29,13:30,2116093,2151996,4268089
2025-12-30,12:00,1737250,1497440,3234690
2025-12-30,13:30,2065466,1817219,3882685
2025-12-31,12:00,1409125,1299242,2708367
2025-12-31,13:30,1886028,1637358,3523386
2026-01-02,12:00,2199336,2130714,4330050
2026-01-02,13:30,2715105,2519162,5234267
2026-01-05,12:00,1512528,1845116,3357644
2026-01-05,13:30,1834694,2331052,4165746
2026-01-06,12:00,1963489,2198799,4162288
2026-01-06,13:30,2385261,2861355,5246616
2026-01-07,12:00,1930012,1891335,3821347
2026-01-07,13:30,2479019,2457186,4936205
2026-01-08,12:00,1697387,1907062,3604449
2026-01-08,13:30,2169825,2467331,4637156
2026-01-09,12:00,2050419,2279201,4329620
2026-01-09,13:30,2376126,2834995,5211121
2026-01-12,12:00,1601291,1761635,3362926
2026-01-12,13:30,1946799,2301371,4248170
2026-01-13,12:00,2304739,2061665,4366404
2026-01-13,13:30,2871596,2443176,5314772
2026-01-14,12:00,2229226,1988525,4217751
2026-01-14,13:30,2771337,2418197,5189534
2026-01-15,12:00,1704386,1908252,3612638
2026-01-15,13:30,2146252,2433749,4580001
2026-01-16,12:00,1830624,1959249,3789873
2026-01-16,13:30,2333629,2607130,4940759
2026-01-20,12:00,2054637,1813208,3867845
2026-01-20,13:30,2713788,2397504,5111292
2026-01-21,12:00,2125485,2330723,4456208
2026-01-21,13:30,2804610,2867559,5672169
2026-01-22,12:00,2050841,1938162,3989003
2026-01-22,13:30,2475108,2507409,4982517
2026-01-23,12:00,1879228,2211301,4090529
2026-01-23,13:30,2448734,2759377,5208111
2026-01-26,12:00,1567460,1861559,3429019
2026-01-26,13:30,1989900,2513976,4503876
2026-01-27,12:00,1736773,2122708,3859481
2026-01-27,13:30,2180098,2704703,4884801
2026-01-28,12:00,1215817,1216389,2432206
2026-01-28,13:30,1616863,1597726,3214589
2026-01-29,12:00,2247939,2216709,4464648
2026-01-29,13:30,2701218,2670639,5371857
2026-01-30,12:00,1774395,1941560,3715955
2026-01-30,13:30,2403421,2600826,5004247
2026-02-02,12:00,1615574,1976127,3591701
2026-02-02,13:30,1889187,2531223,4420410
2026-02-03,12:00,2102950,2564939,4667889
2026-02-03,13:30,2963801,3198881,6162682
2026-02-04,12:00,1643507,2380820,4024327
2026-02-04,13:30,2098877,2848590,4947467
2026-02-05,12:00,1747115,2078000,3825115
2026-02-05,13:30,2232394,2661774,4894168
2026-02-06,12:00,1981269,2043835,4025104
2026-02-06,13:30,2277404,2572368,4849772
2026-02-09,12:00,1768046,1475357,3243403
2026-02-09,13:30,2265381,2022356,4287737
2026-02-10,12:00,1993615,1774710,3768325
2026-02-10,13:30,2587536,2417803,5005339
2026-02-11,12:00,1999810,2304865,4304675
2026-02-11,13:30,2408075,2800741,5208816
2026-02-12,12:00,2167143,2741691,4908834
2026-02-12,13:30,2767285,3203372,5970657
2026-02-13,12:00,1808408,2025782,3834190
2026-02-13,13:30,2185309,2582223,4767532
2026-02-17,12:00,1810896,2443505,4254401
2026-02-17,13:30,2296325,3042175,5338500
2026-02-18,12:00,1638471,1780561,3419032
2026-02-18,13:30,2080272,2569254,4649526
2026-02-19,12:00,1825916,2217561,4043477
2026-02-19,13:30,2341003,2837984,5178987
2026-02-20,12:00,2347414,2637930,4985344
2026-02-20,13:30,2848947,3682042,6530989
2026-02-23,12:00,2170706,2293093,4463799
2026-02-23,13:30,2800108,2884391,5684499
2026-02-24,12:00,2003116,2293133,4296249
2026-02-24,13:30,2371874,2973403,5345277
2026-02-25,12:00,1604906,1407770,3012676
2026-02-25,13:30,1838881,1755612,3594493
2026-02-26,12:00,2001463,2499397,4500860
2026-02-26,13:30,2614324,2968054,5582378
2026-02-27,12:00,1917494,2092027,4009521
2026-02-27,13:30,2307974,2566379,4874353
2026-03-02,12:00,1869944,2277867,4147811
2026-03-02,13:30,2392479,3006858,5399337
2026-03-03,12:00,2403486,2358910,4762396
2026-03-03,13:30,3071411,3158964,6230375
2026-03-04,12:00,2282541,2133058,4415599
2026-03-04,13:30,2696085,2626628,5322713
2026-03-05,12:00,2618658,2515650,5134308
2026-03-05,13:30,3381513,2957841,6339354
2026-03-06,12:00,2247352,2210252,4457604
2026-03-06,13:30,2822061,2838077,5660138
2026-03-09,12:00,2049676,2447916,4497592
2026-03-09,13:30,2676563,3182432,5858995
2026-03-10,12:00,2143280,2140192,4283472
2026-03-10,13:30,3011733,3269672,6281405
2026-03-11,12:00,2358965,2045749,4404714
2026-03-11,13:30,3150858,2802880,5953738
2026-03-12,12:00,2467378,2341443,4808821
2026-03-12,13:30,3234402,2909709,6144111
2026-03-13,12:00,2684298,2608717,5293015
2026-03-13,13:30,3414846,3279206,6694052
2026-03-16,12:00,2038402,2371330,4409732
2026-03-16,13:30,2661873,3110468,5772341
2026-03-17,12:00,2119582,2405467,4525049
2026-03-17,13:30,2656410,3102061,5758471
2026-03-18,12:00,1278483,1752824,3031307
2026-03-18,13:30,1796395,2291926,4088321
2026-03-19,12:00,1957999,2413520,4371519
2026-03-19,13:30,2537284,3185205,5722489
2026-03-20,12:00,2336892,2308881,4645773
2026-03-20,13:30,3116371,3170762,6287133
2026-03-23,12:00,2337031,2556929,4893960
2026-03-23,13:30,3017971,3270664,6288635
2026-03-24,12:00,1972462,2700907,4673369
2026-03-24,13:30,2641332,3598424,6239756
2026-03-25,12:00,2136733,2661244,4797977
2026-03-25,13:30,2649423,3421987,6071410
2026-03-26,12:00,1968919,2514765,4483684
2026-03-26,13:30,2831877,3237778,6069655
2026-03-27,12:00,2272684,2573617,4846301
2026-03-27,13:30,3083645,3554480,6638125
2026-03-30,12:00,1800562,2636345,4436907
2026-03-30,13:30,2477566,3602409,6079975
2026-03-31,12:00,2213080,3201876,5414956
2026-03-31,13:30,2791308,4118613,6909921
2026-04-01,12:00,1910810,2606440,4517250
2026-04-01,13:30,2639932,3755529,6395461
2026-04-02,12:00,2334823,3470717,5805540
2026-04-02,13:30,2805580,4304247,7109827
2026-04-06,12:00,1564496,1946625,3511121
2026-04-06,13:30,2144222,2828703,4972925
2026-04-07,12:00,1849050,2541418,4390468
2026-04-07,13:30,2293843,3190734,5484577
2026-04-08,12:00,1897001,2494654,4391655
2026-04-08,13:30,2491547,3371094,5862641
2026-04-09,12:00,2051428,2709642,4761070
2026-04-09,13:30,2576064,3609263,6185327
2026-04-10,12:00,2083243,2623013,4706256
2026-04-10,13:30,2646269,3229163,5875432
2026-04-13,12:00,2183125,2724071,4907196
2026-04-13,13:30,2612710,3289041,5901751
2026-04-14,12:00,2404208,2448098,4852306
2026-04-14,13:30,2945692,3237203,6182895
2026-04-15,12:00,2563429,2123390,4686819
2026-04-15,13:30,3311821,2761224,6073045
2026-04-16,12:00,2396132,2552690,4948822
2026-04-16,13:30,3133906,3307298,6441204
2026-04-17,12:00,2848041,2584086,5432127
2026-04-17,13:30,3643156,3703339,7346495
2026-04-20,12:00,1981738,2526220,4507958
2026-04-20,13:30,2542764,3077314,5620078
2026-04-21,12:00,2602895,2830724,5433619
2026-04-21,13:30,3572445,3954910,7527355
2026-04-22,12:00,1976724,2081143,4057867
2026-04-22,13:30,2471384,2699625,5171009
2026-04-23,12:00,1938956,2368027,4306983
2026-04-23,13:30,3268967,3970602,7239569
2026-04-24,12:00,2055053,2425836,4480889
2026-04-24,13:30,2545004,3168948,5713952
2026-04-27,12:00,1595820,1929265,3525085
2026-04-27,13:30,2113143,2471883,4585026
2026-04-28,12:00,1952474,2168919,4121393
2026-04-28,13:30,2529469,2710641,5240110
2026-04-29,12:00,971059,1387495,2358554
2026-04-29,13:30,1335271,1755983,3091254
2026-04-30,12:00,1849925,2010739,3860664
2026-04-30,13:30,2413580,2633973,5047553
2026-05-01,12:00,2502715,2561141,5063856
2026-05-01,13:30,3027188,3109639,6136827
2026-05-04,12:00,2040450,2574459,4614909
2026-05-04,13:30,2602206,3102821,5705027
2026-05-05,12:00,1776545,1902045,3678590
2026-05-05,13:30,2297078,2507216,4804294
2026-05-06,12:00,1973237,2181208,4154445
2026-05-06,13:30,2545636,2780952,5326588
2026-05-07,12:00,2258963,2560051,4819014
2026-05-07,13:30,3134554,3419214,6553768
2026-05-08,12:00,1781086,1959989,3741075
2026-05-08,13:30,2222384,2575326,4797710
2026-05-11,12:00,1574966,1985877,3560843
2026-05-11,13:30,2035616,2592365,4627981
2026-05-12,12:00,1916324,2623110,4539434
2026-05-12,13:30,2749648,3366456,6116104
2026-05-13,12:00,1967940,2309233,4277173
2026-05-13,13:30,2520717,2917200,5437917
2026-05-14,12:00,2754465,1956481,4710946
2026-05-14,13:30,3564205,2630489,6194694
2026-05-15,12:00,2483388,2260330,4743718
2026-05-15,13:30,3211431,2845627,6057058
2026-05-18,12:00,2425027,2319441,4744468
2026-05-18,13:30,3017447,2934048,5951495
2026-05-19,12:00,2358201,2544349,4902550
2026-05-19,13:30,3056346,3350575,6406921
2026-05-20,12:00,2339648,1758892,4098540
2026-05-20,13:30,2719940,2144462,4864402
2026-05-21,12:00,2424357,2005439,4429796
2026-05-21,13:30,3757237,2806127,6563364
2026-05-22,12:00,2197383,1750181,3947564
2026-05-22,13:30,3033610,2376854,5410464
2026-05-26,12:00,2114865,1870878,3985743
2026-05-26,13:30,2845364,2405619,5250983
2026-05-27,12:00,1977182,1824772,3801954
2026-05-27,13:30,2654408,2320089,4974497
2026-05-28,12:00,1823571,1894996,3718567
2026-05-28,13:30,2167717,2370599,4538316
2026-05-29,12:00,2296355,1929795,4226150
2026-05-29,13:30,2942388,2412300,5354688
2026-06-01,12:00,1965338,1573466,3538804
2026-06-01,13:30,2767407,2193803,4961210
2026-06-02,12:00,1891594,1534999,3426593
2026-06-02,13:30,2411812,2047500,4459312
2026-06-03,12:00,1992066,1786637,3778703
2026-06-03,13:30,2528980,2130711,4659691
2026-06-04,12:00,2461276,1944400,4405676
2026-06-04,13:30,3077397,2530480,5607877
2026-06-05,12:00,3172753,3568980,6741733
2026-06-05,13:30,4304997,4807252,9112249
2026-06-08,12:00,2835303,2600243,5435546
2026-06-08,13:30,3682543,3693808,7376351
2026-06-09,12:00,3837126,4827696,8664822
2026-06-09,13:30,5446084,6203166,11649250
2026-06-10,12:00,2994689,3781774,6776463
2026-06-10,13:30,4003434,4964438,8967872
2026-06-11,12:00,2671534,3579611,6251145
2026-06-11,13:30,4286777,5039528,9326305
2026-06-12,12:00,3621678,3072445,6694123
2026-06-12,13:30,4545179,3898791,8443970
2026-06-15,12:00,3042178,2534168,5576346
2026-06-15,13:30,3979613,3642263,7621876
2026-06-16,12:00,2964086,3241951,6206037
2026-06-16,13:30,3907822,4240263,8148085
2026-06-17,12:00,1703840,1981638,3685478
2026-06-17,13:30,2652880,3059221,5712101
2026-06-18,12:00,2467115,3100601,5567716
2026-06-18,13:30,3260806,4106588,7367394
2026-06-22,12:00,2787972,2807587,5595559
2026-06-22,13:30,3555601,3642699,7198300
2026-06-23,12:00,2532105,3085493,5617598
2026-06-23,13:30,3289913,4151803,7441716
2026-06-24,12:00,2498048,2882362,5380410
2026-06-24,13:30,3628964,4244705,7873669
2026-06-25,12:00,2897963,3628707,6526670
2026-06-25,13:30,3881623,4755814,8637437
2026-06-26,12:00,2620700,3192975,5813675
2026-06-26,13:30,3369795,4272065,7641860
2026-06-29,12:00,2760603,2980064,5740667
2026-06-29,13:30,3660298,3862090,7522388
2026-06-30,12:00,2733208,2544194,5277402
2026-06-30,13:30,3354794,3257925,6612719
2026-07-01,12:00,2941263,2481838,5423101
2026-07-01,13:30,3778544,3363651,7142195
2026-07-02,12:00,3634876,3302871,6937747
2026-07-02,13:30,4721296,4287908,9009204
2026-07-06,12:00,2370718,2414983,4785701
2026-07-06,13:30,3367459,3500860,6868319
2026-07-07,12:00,2812052,2985215,5797267
2026-07-07,13:30,3471129,3630628,7101757
2026-07-08,12:00,2503497,2966558,5470055
2026-07-08,13:30,3411509,3907396,7318905
2026-07-09,12:00,2722889,2369154,5092043
2026-07-09,13:30,3522266,3231551,6753817
2026-07-10,12:00,2968421,2628122,5596543
2026-07-10,13:30,3608630,3215125,6823755
2026-07-13,12:00,2413925,2882098,5296023
2026-07-13,13:30,3122563,3605761,6728324
2026-07-14,12:00,2642193,2257655,4899848
2026-07-14,13:30,3283737,2854603,6138340
2026-07-15,12:00,2648429,2820602,5469031
2026-07-15,13:30,3598812,3527251,7126063
2026-07-16,12:00,2524046,2907319,5431365
2026-07-16,13:30,3386480,3831838,7218318
2026-07-17,12:00,2609047,3060075,5669122
2026-07-17,13:30,3351208,4176025,7527233
2026-07-20,12:00,2481260,2798849,5280109
2026-07-20,13:30,3344429,3699339,7043768
2026-07-21,12:00,2485921,2818359,5304280
2026-07-21,13:30,3041529,3751884,6793413
2026-07-22,12:00,2044773,2205441,4250214
2026-07-22,13:30,2497848,2929314,5427162
2026-07-23,12:00,2743044,3059146,5802190
2026-07-23,13:30,3371129,3881768,7252897
2026-07-24,12:00,2650465,3105446,5755911
2026-07-24,13:30,3355494,4066990,7422484
2026-07-27,12:00,3174583,2980892,6155475
2026-07-27,13:30,3932025,3658381,7590406
2026-07-28,12:00,2635540,2974018,5609558
2026-07-28,13:30,3242273,3841628,7083901
2026-07-29,12:00,1585688,1822348,3408036
2026-07-29,13:30,2335922,2534306,4870228
2026-07-30,12:00,2663894,2966819,5630713
2026-07-30,13:30,3231019,3621469,6852488
2026-07-31,12:00,3262832,3279858,6542690
2026-07-31,13:30,4086447,4090323,8176770
2026-08-03,12:00,2624130,2470884,5095014
2026-08-03,13:30,3726564,3337111,7063675
2026-08-04,12:00,4187311,2167121,6354432
2026-08-04,13:30,5915003,2978456,8893459
2026-08-05,12:00,2916475,3106388,6022863
2026-08-05,13:30,3675772,3757089,7432861
2026-08-06,12:00,2594524,2999196,5593720
2026-08-06,13:30,3332661,3634975,6967636
2026-08-07,12:00,2785644,2480060,5265704
2026-08-07,13:30,3309400,3099376,6408776
2026-08-10,12:00,2537858,2557518,5095376
2026-08-10,13:30,3084963,3193319,6278282
2026-08-11,12:00,2183018,2290403,4473421
2026-08-11,13:30,2959225,3188892,6148117
